-- phpMyAdmin SQL Dump
-- version 3.5.1
-- http://www.phpmyadmin.net
--
-- Host: localhost
-- Generation Time: Jul 01, 2017 at 02:51 PM
-- Server version: 5.5.24-log
-- PHP Version: 5.4.3

SET SQL_MODE="NO_AUTO_VALUE_ON_ZERO";
SET time_zone = "+00:00";


/*!40101 SET @OLD_CHARACTER_SET_CLIENT=@@CHARACTER_SET_CLIENT */;
/*!40101 SET @OLD_CHARACTER_SET_RESULTS=@@CHARACTER_SET_RESULTS */;
/*!40101 SET @OLD_COLLATION_CONNECTION=@@COLLATION_CONNECTION */;
/*!40101 SET NAMES utf8 */;

--
-- Database: `deals`
--

-- --------------------------------------------------------

--
-- Table structure for table `account`
--

CREATE TABLE IF NOT EXISTS `account` (
  `account_id` int(11) NOT NULL AUTO_INCREMENT,
  `name` varchar(45) DEFAULT NULL,
  `username` varchar(100) NOT NULL,
  `password` varchar(500) DEFAULT NULL,
  `type` varchar(50) NOT NULL,
  `photo` varchar(100) DEFAULT NULL,
  `status` varchar(45) DEFAULT NULL,
  `time` int(11) NOT NULL,
  PRIMARY KEY (`account_id`),
  UNIQUE KEY `username` (`username`)
) ENGINE=MyISAM  DEFAULT CHARSET=latin1 AUTO_INCREMENT=3 ;

--
-- Dumping data for table `account`
--

INSERT INTO `account` (`account_id`, `name`, `username`, `password`, `type`, `photo`, `status`, `time`) VALUES
(1, 'Bruno Sserunkuma', 'admin', '1b115d01a16bf363a8da2f588b3a0297', 'admin', 'defualt.jpg', '1', 2147483647),
(2, 'takia', 't-admin', '1234', 'customer', 'default.jpg', '2', 23451563);

-- --------------------------------------------------------

--
-- Table structure for table `admin`
--

CREATE TABLE IF NOT EXISTS `admin` (
  `admin_id` int(11) NOT NULL AUTO_INCREMENT,
  `name` varchar(45) NOT NULL,
  `username` varchar(45) NOT NULL,
  `password` varchar(100) NOT NULL,
  `credit` double NOT NULL,
  PRIMARY KEY (`admin_id`)
) ENGINE=InnoDB  DEFAULT CHARSET=latin1 AUTO_INCREMENT=3 ;

--
-- Dumping data for table `admin`
--

INSERT INTO `admin` (`admin_id`, `name`, `username`, `password`, `credit`) VALUES
(1, 'Admin Tom', 'admin', '8b263822d98fc16b00bf2e5ce15d13a27fb7334f', 0),
(2, 'takia', 't-admin', '1234', 0);

-- --------------------------------------------------------

--
-- Table structure for table `business`
--

CREATE TABLE IF NOT EXISTS `business` (
  `bid` int(11) NOT NULL AUTO_INCREMENT,
  `business_name` varchar(45) NOT NULL,
  `description` varchar(1000) NOT NULL,
  `business_type` varchar(20) NOT NULL,
  `business_photo` varchar(20) NOT NULL,
  `business_thumb` varchar(20) NOT NULL,
  `longitude` double NOT NULL,
  `latitude` double NOT NULL,
  `contact_person` varchar(45) NOT NULL,
  `telephone` varchar(10) NOT NULL,
  `password` varchar(100) NOT NULL,
  `email` varchar(100) NOT NULL,
  `status` varchar(10) NOT NULL,
  `activation_code` varchar(4) NOT NULL,
  PRIMARY KEY (`bid`)
) ENGINE=InnoDB  DEFAULT CHARSET=latin1 AUTO_INCREMENT=5 ;

--
-- Dumping data for table `business`
--

INSERT INTO `business` (`bid`, `business_name`, `description`, `business_type`, `business_photo`, `business_thumb`, `longitude`, `latitude`, `contact_person`, `telephone`, `password`, `email`, `status`, `activation_code`) VALUES
(4, 'Just Creative Media', 'IT business', 'Shop', '', '', 0, 0, 'Takia', '0705946248', '', 'tahiaa@ymail.com', '0', '5727');

-- --------------------------------------------------------

--
-- Table structure for table `business_type`
--

CREATE TABLE IF NOT EXISTS `business_type` (
  `type_id` int(11) NOT NULL AUTO_INCREMENT,
  `business_type` varchar(20) NOT NULL,
  PRIMARY KEY (`type_id`)
) ENGINE=InnoDB  DEFAULT CHARSET=latin1 AUTO_INCREMENT=7 ;

--
-- Dumping data for table `business_type`
--

INSERT INTO `business_type` (`type_id`, `business_type`) VALUES
(2, 'Restaurant'),
(4, 'Boutique'),
(5, 'Shop'),
(6, 'Hotel');

-- --------------------------------------------------------

--
-- Table structure for table `cart`
--

CREATE TABLE IF NOT EXISTS `cart` (
  `cart_id` int(11) NOT NULL AUTO_INCREMENT,
  `item_name` varchar(200) NOT NULL,
  `unitP` int(11) NOT NULL,
  `Qty` int(11) NOT NULL,
  `ItemPhoto` varchar(1000) NOT NULL,
  `Item_id` int(11) NOT NULL,
  `SubCategory` int(11) NOT NULL,
  `item_size_id` int(11) NOT NULL,
  PRIMARY KEY (`cart_id`)
) ENGINE=InnoDB  DEFAULT CHARSET=latin1 AUTO_INCREMENT=53 ;

--
-- Dumping data for table `cart`
--

INSERT INTO `cart` (`cart_id`, `item_name`, `unitP`, `Qty`, `ItemPhoto`, `Item_id`, `SubCategory`, `item_size_id`) VALUES
(48, 'Masavu beans', 12600, 6, '1482272643795.jpg', 31, 28, 46),
(49, 'Cabbages', 1700, 2, '1482485458782.jpg', 29, 32, 43),
(52, 'Beans', 3000, 2, '1482272842589.jpg', 25, 28, 39);

-- --------------------------------------------------------

--
-- Table structure for table `category`
--

CREATE TABLE IF NOT EXISTS `category` (
  `category_id` int(11) NOT NULL AUTO_INCREMENT,
  `category_name` varchar(100) NOT NULL,
  `cat_icon` varchar(100) NOT NULL,
  PRIMARY KEY (`category_id`)
) ENGINE=MyISAM  DEFAULT CHARSET=latin1 AUTO_INCREMENT=16 ;

--
-- Dumping data for table `category`
--

INSERT INTO `category` (`category_id`, `category_name`, `cat_icon`) VALUES
(15, 'Beauty', 'icon1-20x25.png'),
(14, 'Technology', 'icon2-20x25.png'),
(13, 'Electronics', 'icon3-20x25.png'),
(12, 'Women', 'icon4-20x25.png'),
(11, 'Men', 'icon5-20x25.png'),
(10, 'Kids', 'icon6-20x25.png'),
(9, 'Entertainment', 'icon7-20x25.png');

-- --------------------------------------------------------

--
-- Table structure for table `customer`
--

CREATE TABLE IF NOT EXISTS `customer` (
  `customer_id` int(11) NOT NULL AUTO_INCREMENT,
  `name` varchar(45) NOT NULL,
  `contact` varchar(10) NOT NULL,
  `email` varchar(100) NOT NULL,
  `sex` varchar(2) NOT NULL,
  `password` varchar(100) NOT NULL,
  `location` varchar(45) NOT NULL,
  `address` varchar(100) NOT NULL,
  PRIMARY KEY (`customer_id`)
) ENGINE=InnoDB  DEFAULT CHARSET=latin1 AUTO_INCREMENT=7 ;

--
-- Dumping data for table `customer`
--

INSERT INTO `customer` (`customer_id`, `name`, `contact`, `email`, `sex`, `password`, `location`, `address`) VALUES
(1, 'Mutumba Sowed', '0784210858', 'freshnoop@gmail.com', 'M', 'b39f008e318efd2bb988d724a161b61c6909677f', 'Ntinda', 'Ntinda'),
(2, 'Mutumba Joseph', '0704367396', 'freshnoop@gmai.com', 'M', 'customer', 'Kampala', 'Ntinda'),
(3, 'Ssentongo Joseph', '0784210850', 'mugi@gmail.com', 'M', 'b39f008e318efd2bb988d724a161b61c6909677f', 'Kampala', 'Ntinda'),
(4, ' ', '', '', '', '', '', ''),
(5, 'taktak ali', '0776865363', 'tahiaa@ymail.com', '', '1234', '', ''),
(6, 'dfsdfds dfsdfs', 'sdfsd', 'dfsfddf', '', 'fdsffsdf', '', '');

-- --------------------------------------------------------

--
-- Stand-in structure for view `denis`
--
CREATE TABLE IF NOT EXISTS `denis` (
`Total` bigint(21)
);
-- --------------------------------------------------------

--
-- Table structure for table `images`
--

CREATE TABLE IF NOT EXISTS `images` (
  `img_id` int(11) NOT NULL AUTO_INCREMENT,
  `img_name` varchar(100) NOT NULL,
  `img_desc` longtext NOT NULL,
  `imgType_id` int(11) NOT NULL,
  PRIMARY KEY (`img_id`)
) ENGINE=InnoDB  DEFAULT CHARSET=latin1 AUTO_INCREMENT=5 ;

--
-- Dumping data for table `images`
--

INSERT INTO `images` (`img_id`, `img_name`, `img_desc`, `imgType_id`) VALUES
(1, 'slideshow1.jpg', '', 1),
(2, 'slideshow2.jpg', '', 1),
(3, 'banner-slider1.jpg', '', 2),
(4, 'banner-slider2.jpg', '', 2);

-- --------------------------------------------------------

--
-- Table structure for table `image_cat`
--

CREATE TABLE IF NOT EXISTS `image_cat` (
  `imgType_id` int(11) NOT NULL AUTO_INCREMENT,
  `img_type` varchar(50) NOT NULL,
  PRIMARY KEY (`imgType_id`)
) ENGINE=InnoDB  DEFAULT CHARSET=latin1 AUTO_INCREMENT=4 ;

--
-- Dumping data for table `image_cat`
--

INSERT INTO `image_cat` (`imgType_id`, `img_type`) VALUES
(1, 'slider'),
(2, 'side image'),
(3, 'caption');

-- --------------------------------------------------------

--
-- Table structure for table `item`
--

CREATE TABLE IF NOT EXISTS `item` (
  `item_id` int(11) NOT NULL AUTO_INCREMENT,
  `item_name` varchar(100) DEFAULT NULL,
  `details` varchar(1000) NOT NULL,
  `photo` varchar(100) DEFAULT NULL,
  `sub_category_id` int(11) NOT NULL,
  `category_id` int(11) NOT NULL,
  `bid` int(11) NOT NULL,
  PRIMARY KEY (`item_id`,`sub_category_id`,`category_id`),
  KEY `fk_item_sub_category1` (`sub_category_id`,`category_id`)
) ENGINE=MyISAM  DEFAULT CHARSET=latin1 AUTO_INCREMENT=48 ;

--
-- Dumping data for table `item`
--

INSERT INTO `item` (`item_id`, `item_name`, `details`, `photo`, `sub_category_id`, `category_id`, `bid`) VALUES
(47, 'Building Set', '100 solid wood blocks perfect for hours (and towers!) of fun\r\nBlocks come in four colors and nine shapes\r\nIdeal for building and introducing early math concepts\r\nExceptional quality and value\r\nA classic creative and educational activity', NULL, 26, 10, 4),
(46, 'Samsung', 'Samsung Quantum Dot TVs, 4K SUHD Smart LED TVs | Samsung UK', NULL, 31, 13, 4),
(45, 'Smart cooker', 'Bluetooth\r\nMulti-use programmable pressure', NULL, 29, 14, 4),
(44, 'Stilettos', 'Heels by Bershka\r\nSlip-on style', NULL, 32, 12, 4);

-- --------------------------------------------------------

--
-- Table structure for table `item_photo`
--

CREATE TABLE IF NOT EXISTS `item_photo` (
  `photo_id` int(11) NOT NULL AUTO_INCREMENT,
  `photo_name` varchar(45) NOT NULL,
  `item_id` int(11) NOT NULL,
  `update_time` int(11) NOT NULL,
  PRIMARY KEY (`photo_id`,`item_id`),
  KEY `fk_crane_photo_crane_idx` (`item_id`)
) ENGINE=InnoDB  DEFAULT CHARSET=latin1 AUTO_INCREMENT=168 ;

--
-- Dumping data for table `item_photo`
--

INSERT INTO `item_photo` (`photo_id`, `photo_name`, `item_id`, `update_time`) VALUES
(164, '1498904858829.jpg', 47, 1498904858),
(165, '1498904966171.jpg', 46, 1498904966),
(166, '1498905064125.jpg', 45, 1498905064),
(167, '1498905140488.jpg', 44, 1498905140);

-- --------------------------------------------------------

--
-- Table structure for table `item_size`
--

CREATE TABLE IF NOT EXISTS `item_size` (
  `item_size_id` int(11) NOT NULL AUTO_INCREMENT,
  `size` varchar(45) NOT NULL,
  `old_price` double NOT NULL,
  `new_price` double NOT NULL,
  `discount` varchar(10) NOT NULL,
  `item_id` int(11) NOT NULL,
  `sub_category_id` int(11) NOT NULL,
  `category_id` int(11) NOT NULL,
  PRIMARY KEY (`item_size_id`,`item_id`,`sub_category_id`,`category_id`),
  KEY `fk_item_size_item1` (`item_id`,`sub_category_id`,`category_id`)
) ENGINE=MyISAM  DEFAULT CHARSET=latin1 AUTO_INCREMENT=63 ;

--
-- Dumping data for table `item_size`
--

INSERT INTO `item_size` (`item_size_id`, `size`, `old_price`, `new_price`, `discount`, `item_id`, `sub_category_id`, `category_id`) VALUES
(62, 'Set', 373000, 240000, '', 47, 26, 10),
(61, 'Piece', 1240000, 920000, '', 46, 31, 13),
(60, 'Piece', 1530000, 970000, '', 45, 29, 14),
(59, 'Pair', 250000, 175000, '', 44, 32, 12);

-- --------------------------------------------------------

--
-- Table structure for table `message`
--

CREATE TABLE IF NOT EXISTS `message` (
  `mid` int(11) NOT NULL AUTO_INCREMENT,
  `sender` varchar(500) NOT NULL,
  `receiver` varchar(500) NOT NULL,
  `sender_name` varchar(100) NOT NULL,
  `message` varchar(1000) NOT NULL,
  `time` int(11) NOT NULL,
  `status` int(11) NOT NULL,
  PRIMARY KEY (`mid`)
) ENGINE=MyISAM  DEFAULT CHARSET=latin1 AUTO_INCREMENT=102 ;

--
-- Dumping data for table `message`
--

INSERT INTO `message` (`mid`, `sender`, `receiver`, `sender_name`, `message`, `time`, `status`) VALUES
(89, '0774798954', '6cvhr4i2cqguactj38d3kbtl10', 'Francis', 'Good what', 1461333877, 1),
(88, '0774798954', '6cvhr4i2cqguactj38d3kbtl10', 'Francis', 'Good what', 1461333860, 0),
(87, '6cvhr4i2cqguactj38d3kbtl10', 'admin', 'Unknown user1275', 'Good', 1461333811, 0),
(90, 'admin', 'gtni52ijmtihhk1or45tj9ec17', 'Francis', 'hello', 1463417610, 0),
(91, 'gtni52ijmtihhk1or45tj9ec17', 'admin', 'Unknown user1284', 'yes', 1463417633, 0),
(92, 'admin', 'gtni52ijmtihhk1or45tj9ec17', 'Francis', 'are you having any problem', 1463417668, 0),
(93, 'gtni52ijmtihhk1or45tj9ec17', 'admin', 'Unknown user1284', 'no', 1463417693, 0),
(94, 'ergrop4r724cc9bg6u1dlop1n6', 'admin', 'Unknown user', '', 1466162318, 0),
(95, 'ergrop4r724cc9bg6u1dlop1n6', 'admin', 'Unknown user', 'Hello hv u seen my order', 1466163166, 0),
(96, '', 'ergrop4r724cc9bg6u1dlop1n6', 'Francis', 'Yes am working on it', 1466163201, 1),
(97, '0697qt99tvsdv5t6bqohcje5k1', 'admin', 'Unknown user', 'how do i pay', 1466594328, 0),
(98, 'admin', '0697qt99tvsdv5t6bqohcje5k1', 'Francis', 'mob number 0789599420', 1466594369, 1),
(99, 'admin', 'gtni52ijmtihhk1or45tj9ec17', 'Francis', 'yes hello', 1470753410, 1),
(100, 'admin', 'rurep1kt00lj2n6u50qbllc5a0', 'Francis', 'hello how may i help you', 1470753492, 1),
(101, 'rurep1kt00lj2n6u50qbllc5a0', 'admin', 'Unknown user1289', 'who are you', 1470753513, 1);

-- --------------------------------------------------------

--
-- Table structure for table `ordered_item`
--

CREATE TABLE IF NOT EXISTS `ordered_item` (
  `ordered_item_id` int(11) NOT NULL AUTO_INCREMENT,
  `item_size` varchar(45) DEFAULT NULL,
  `price` int(11) NOT NULL,
  `cost` int(11) DEFAULT NULL,
  `item_id` int(11) DEFAULT NULL,
  `quantity` varchar(45) DEFAULT NULL,
  `order_details_id` int(11) NOT NULL,
  `cart_id` int(11) NOT NULL,
  PRIMARY KEY (`ordered_item_id`,`order_details_id`),
  KEY `fk_ordered_item_order_details1` (`order_details_id`)
) ENGINE=MyISAM  DEFAULT CHARSET=latin1 AUTO_INCREMENT=79 ;

--
-- Dumping data for table `ordered_item`
--

INSERT INTO `ordered_item` (`ordered_item_id`, `item_size`, `price`, `cost`, `item_id`, `quantity`, `order_details_id`, `cart_id`) VALUES
(63, 'Banch', 300, 3600, 22, '12', 40001019, 0),
(62, 'Medium', 500, 14500, 23, '29', 40001019, 0),
(61, 'Kg', 2000, 2000, 25, '1', 40001018, 0),
(60, 'Kg', 2800, 14000, 31, '5', 40001018, 0),
(59, 'Hoe', 11000, 11000, 26, '1', 40001017, 0),
(58, 'Chicken', 12000, 84000, 28, '7', 40001017, 0),
(57, 'Medium', 700, 70000, 29, '100', 40001017, 0),
(64, 'Medium', 500, 500, 23, '1', 40001020, 0),
(65, 'Kg', 2800, 8400, 31, '3', 40001020, 0),
(66, 'Medium', 700, 700, 29, '1', 40001021, 0),
(67, 'Chicken', 12000, 60000, 28, '5', 40001021, 0),
(68, 'Banch', 2500, 2500, 27, '1', 40001021, 0),
(69, 'Cow', 1200000, 1200000, 24, '1', 40001022, 0),
(70, 'Medium', 700, 700, 29, '1', 40001022, 0),
(71, 'Chicken', 12000, 12000, 28, '1', 40001022, 0),
(72, 'Set', 240000, 240000, 47, '1', 40001023, 0),
(73, 'Piece', 970000, 1940000, 45, '2', 40001024, 0),
(74, 'Pair', 175000, 175000, 44, '1', 40001024, 0),
(75, 'Piece', 920000, 920000, 46, '1', 40001025, 0),
(76, 'Piece', 970000, 970000, 45, '1', 40001025, 0),
(77, 'Set', 240000, 240000, 47, '1', 40001025, 0),
(78, 'Piece', 970000, 970000, 45, '1', 40001026, 0);

-- --------------------------------------------------------

--
-- Table structure for table `order_details`
--

CREATE TABLE IF NOT EXISTS `order_details` (
  `order_details_id` int(11) NOT NULL AUTO_INCREMENT,
  `customer_name` varchar(45) DEFAULT NULL,
  `contact` varchar(45) NOT NULL,
  `location` varchar(100) DEFAULT NULL,
  `email` varchar(100) DEFAULT NULL,
  `time` timestamp NULL DEFAULT NULL,
  `status` int(11) NOT NULL,
  `instruction` varchar(500) DEFAULT NULL,
  PRIMARY KEY (`order_details_id`)
) ENGINE=MyISAM  DEFAULT CHARSET=latin1 AUTO_INCREMENT=40001027 ;

--
-- Dumping data for table `order_details`
--

INSERT INTO `order_details` (`order_details_id`, `customer_name`, `contact`, `location`, `email`, `time`, `status`, `instruction`) VALUES
(40001020, 'Mugisha David', '0784210858', 'Kampala', 'Ntinda', '0000-00-00 00:00:00', 1, ''),
(40001019, 'Mugisha D', '0784210856', 'Kampala', 'Ntinda', '0000-00-00 00:00:00', 2, 'Bring them now'),
(40001018, 'Mutumba Sowed', '0784210858', 'Ntinda', 'Ntinda', '0000-00-00 00:00:00', 2, NULL),
(40001017, 'Mutumba Sowed', '0784210858', 'Ntinda', 'Ntinda', '0000-00-00 00:00:00', 1, NULL),
(40001021, 'Mutumba Sowed', '0784210858', 'Ntinda', 'Ntinda', '0000-00-00 00:00:00', 1, NULL),
(40001022, 'Mutumba Sowed', '0784210858', 'Ntinda', 'Ntinda', '0000-00-00 00:00:00', 1, NULL),
(40001023, 'takia', '077575754', 'kampala', 'tahiaa@ymail.com', '2017-07-01 10:35:12', 1, 'halo'),
(40001024, 'takia', '0744364634', 'kampala', 'tahiaa@ymail.com', '2017-07-01 10:50:23', 0, 'halo'),
(40001025, 'takia', '047464643', 'kampala', 'tahiaa@ymail.com', '2017-07-01 11:19:01', 2, 'halo'),
(40001026, 'Mutumba Joseph', '0704367396', 'Ntinda', 'freshnoop@gmai.com', '2017-07-01 14:27:06', 0, 'hale');

-- --------------------------------------------------------

--
-- Table structure for table `setting`
--

CREATE TABLE IF NOT EXISTS `setting` (
  `setting_id` int(11) NOT NULL AUTO_INCREMENT,
  `setting_name` varchar(45) NOT NULL,
  `setting_value` varchar(45) NOT NULL,
  PRIMARY KEY (`setting_id`)
) ENGINE=InnoDB  DEFAULT CHARSET=latin1 AUTO_INCREMENT=4 ;

--
-- Dumping data for table `setting`
--

INSERT INTO `setting` (`setting_id`, `setting_name`, `setting_value`) VALUES
(1, 'help_line', '+256704367396'),
(2, 'email', 'freshnoop@gmail.com'),
(3, 'currency', 'USD');

-- --------------------------------------------------------

--
-- Table structure for table `sub_category`
--

CREATE TABLE IF NOT EXISTS `sub_category` (
  `sub_category_id` int(11) NOT NULL AUTO_INCREMENT,
  `sub_category_name` varchar(100) DEFAULT NULL,
  `category_id` int(11) NOT NULL,
  PRIMARY KEY (`sub_category_id`,`category_id`),
  KEY `fk_sub_category_category` (`category_id`)
) ENGINE=MyISAM  DEFAULT CHARSET=latin1 AUTO_INCREMENT=34 ;

--
-- Dumping data for table `sub_category`
--

INSERT INTO `sub_category` (`sub_category_id`, `sub_category_name`, `category_id`) VALUES
(32, 'Shoes', 12),
(31, 'TV', 13),
(30, 'Music', 9),
(29, 'Home Appliances', 14),
(28, 'Clothes', 11),
(27, 'Fashion', 15),
(26, 'Toys', 10),
(33, 'Accessories', 12);

-- --------------------------------------------------------

--
-- Table structure for table `visitor`
--

CREATE TABLE IF NOT EXISTS `visitor` (
  `visitor_id` int(11) NOT NULL AUTO_INCREMENT,
  `name` varchar(40) NOT NULL,
  `first_time` int(11) NOT NULL,
  `last_time` int(11) NOT NULL,
  `session_id` varchar(500) NOT NULL,
  `status` int(11) NOT NULL,
  PRIMARY KEY (`visitor_id`)
) ENGINE=MyISAM  DEFAULT CHARSET=latin1 AUTO_INCREMENT=1295 ;

--
-- Dumping data for table `visitor`
--

INSERT INTO `visitor` (`visitor_id`, `name`, `first_time`, `last_time`, `session_id`, `status`) VALUES
(102, 'Unknown user', 1437151895, 1437151895, 'f0d29b5c1bbb382cf84bbbe1142a6aac', 0),
(101, 'Unknown user', 1437151743, 1437152299, 'c39d92fa7001179629b56f4e496ad084', 0),
(100, 'Unknown user', 1437029270, 1437029270, 'd31e800a264dd117e3db85ab0a1e3e86', 0),
(99, 'Unknown user', 1437029252, 1437074398, '5792d16b48e8a5b4f0e346066197b212', 0),
(98, 'Unknown user', 1436973485, 1436974044, 'c346fbeb8d3a9f81673bda05f9fb6319', 0),
(97, 'Unknown user', 1436973441, 1437029715, 'a6e97ccbe6c77eba66e35e12591194a9', 0),
(96, 'Unknown user', 1436973439, 1436973439, '1038fe69e196b4e7d26198593c3996c0', 0),
(95, 'Unknown user', 1436942426, 1436963823, '0e1da59d87bcc49d7ccf67a418482241', 0),
(94, 'Unknown user', 1436942425, 1436942425, '15c73561d5514ec627924bcb589b5a78', 0),
(93, 'Unknown user', 1436857288, 1436942752, '643910dc6a3f1922cd10cb166e277c39', 0),
(92, 'Unknown user', 1436809180, 1436809647, 'cfb6889698ede20a68b38105184dcecd', 0),
(91, 'Unknown user', 1436809179, 1436809179, 'c8f3c22dbfbba2831818d7413af29dab', 0),
(90, 'Unknown user', 1436809173, 1436809173, '6ed2488b1d1910caf79b5ad70be389ac', 0),
(89, 'Unknown user', 1436780458, 1436780458, '8996bea0aee22563cd52b11ab79f0f07', 0),
(88, 'Unknown user', 1436769245, 1436769245, '85da336b7dc3f7f0bfd40b8dd14486da', 0),
(87, 'Unknown user', 1436755979, 1436755979, 'fa141b3631127a9ecc9b2c9bdddd334c', 0),
(86, 'Unknown user', 1436710289, 1436710289, 'f5674778a3ee5975c5153fc5fe09c5a9', 0),
(85, 'Unknown user', 1436710255, 1436769291, '045b791b3719da89569fc5dd3db072cf', 0),
(84, 'Unknown user', 1436648451, 1436648451, '18fcf778153c4c7d54d36659028c5068', 0),
(83, 'Unknown user', 1436634939, 1436638393, '66082aaa9ecd9f259ee3b8754cbec4d0', 0),
(82, 'Unknown user', 1436573611, 1436573611, '6ea2df2a2d6aa2fac9ed06d951c2fd94', 0),
(81, 'Unknown user', 1436563809, 1436648670, 'ce3fb96c26e78c28e5687b820e04a23d', 0),
(80, 'Unknown user', 1436531034, 1436531166, '3010452f62b2399592cfa5f8669c34d0', 0),
(79, 'Unknown user', 1436530088, 1436558463, 'c58f7d058029220b3205d2c6d0a40ca8', 0),
(78, 'Unknown user', 1436529997, 1436536829, '626fa42ea2b7a7a1d575d50bda9400f2', 0),
(77, 'Unknown user', 1436448458, 1436448458, '9ea2261ffbab657afc5870ea391ac385', 0),
(76, 'Unknown user', 1436446834, 1436532545, '7e526cc2ef21bf6285ff3e77f6098fb9', 0),
(75, 'Unknown user', 1436429811, 1436429965, 'ac9b0683526a13f70c3fca7cdb451f71', 0),
(74, 'Unknown user', 1436403746, 1436403746, '3dd9495ce7a19b42af46b595c3013d34', 0),
(73, 'Unknown user', 1436359206, 1436359653, '2010a88fd8d1e6afebcea7f3b87a13ec', 0),
(72, 'Unknown user', 1436336572, 1436336572, '2d42ae7af319c8aa7a07188dc8680758', 0),
(71, 'Unknown user', 1436327840, 1436353728, '10ec8b105fb463b1ef09b3e208f261b7', 0),
(70, 'Unknown user', 1436327180, 1436327180, '48d9abd088180b55d8d4b4e245e8a3b1', 0),
(69, 'Unknown user', 1436286441, 1436359007, '7cdcd3312cd7a39dedbf53533a9466d1', 0),
(68, 'Unknown user', 1436176135, 1436178120, '2a658e64277a88139a7dd7666dfa8831', 0),
(67, 'Unknown user', 1436176134, 1436176134, '6c113b907ee14a6fa316e59797071358', 0),
(66, 'Unknown user', 1436175956, 1436175956, '04a611cdf06ac11b3733ed30c2a07da1', 0),
(65, 'Unknown user', 1436171440, 1436185578, 'bdad13d889d1a8d52eab7ea657103e40', 0),
(64, 'Unknown user', 1436093581, 1436093581, 'ca02f799b58d1dab0577547ed3602bfb', 0),
(63, 'Unknown user', 1436025770, 1436025770, 'ba15cda24d2c2756ae30b5a443d4e9a4', 0),
(62, 'Unknown user', 1435840601, 1435840989, '46d763e72b40b227088a4a74fba326d7', 0),
(61, 'Unknown user', 1435834679, 1435834683, '', 0),
(60, 'Unknown user', 1435834515, 1435835072, 'ba9b9b2af15422c8635a59743331844f', 0),
(103, 'Unknown user', 1437174144, 1437174144, 'f846a7e33c9581950b42676bdf27523b', 0),
(104, 'Unknown user', 1437174222, 1437174222, '8a08e18cbf4ec1a6e2856b3287eb62a5', 0),
(105, 'Unknown user', 1437257664, 1437257664, 'fc38ea6055dd20f52d11439844d63f69', 0),
(106, 'Unknown user', 1437373574, 1437373574, 'd09639471cdf45c6c5d5d29bf0022747', 0),
(107, 'Unknown user', 1437373579, 1437459977, '9ba8f7384f86d61d1a436779bd5df90d', 0),
(108, 'Unknown user', 1437459023, 1437459023, 'f0e817ee02ecc3f488fc8fde51163d01', 0),
(109, 'Unknown user', 1437459034, 1437459034, '078b97a1d4c78f69f27cf31c5c08c397', 0),
(110, 'Unknown user', 1437460007, 1437461887, '82e2e172d4cdbec72be44f516f5b0795', 0),
(111, 'Unknown user', 1437545529, 1437545529, '89935fa1763620527803246f062239c9', 0),
(112, 'Unknown user', 1437548210, 1437634516, 'a16cde2129e947bcc9d8b011f6c9e6e6', 0),
(113, 'Unknown user', 1437565372, 1437565372, 'ba1d2d96aa03935037e159495c2a38f1', 0),
(114, 'Unknown user', 1437585264, 1437591563, 'ec9703327e9a857bf8f20c85750a68b5', 0),
(115, 'Unknown user', 1437632695, 1437632695, '88db8642eb73038f5a58bcd643b78c7a', 0),
(116, 'Unknown user', 1437659738, 1437661699, 'c1d1d486d83ff52693219a7354d8a8a5', 0),
(117, 'Unknown user', 1437660267, 1437660267, '11b6b6f74f454c2735ffe7437e6494b6', 0),
(118, 'Unknown user', 1437661611, 1437661611, '650f892b198cecc59b1ca8b6f9b3ac25', 0),
(119, 'Unknown user', 1437681284, 1437697540, 'b63ad4e025668f43d38dce92b5d89132', 0),
(120, 'Unknown user', 1437697052, 1437697052, '3c08d9069c1c49bbac6d784524ffc491', 0),
(121, 'Unknown user', 1437746586, 1437747124, '78f01359ba26f30cfde97cec62273e72', 0),
(122, 'Unknown user', 1437816019, 1437816019, 'bc543eca207a3fdaa3f089d6c646427d', 0),
(123, 'Unknown user', 1437832654, 1437832654, '26fa7417ed4ef81775dedca117f554ad', 0),
(124, 'Unknown user', 1437846783, 1437846783, 'a60399da3707b565ce262d87f6e1bbba', 0),
(125, 'Unknown user', 1437864413, 1437864413, '628dbf2419101bec1333d194de32f296', 0),
(126, 'Unknown user', 1437892937, 1437892937, 'a82ae2f64b2fad779a7e16aa32d80b74', 0),
(127, 'Unknown user', 1438091296, 1438091296, '690b80834607835b03b1360e5c931b5c', 0),
(128, 'Unknown user', 1438094282, 1438104540, 'da1a2701174136115509439821864947', 0),
(129, 'Unknown user', 1438094482, 1438094482, '7590bc96c602f574c767f4f817de702c', 0),
(130, 'Unknown user', 1438094669, 1438094703, 'd1f422bb334a21fed74c0f0599ffbf82', 0),
(131, 'Unknown user', 1438192534, 1438192661, '5644a294839c497ece6082e5dd96d717', 0),
(132, 'Unknown user', 1438255196, 1438255196, '4d8e5191749a7c2c575febf10f14b39c', 0),
(133, 'Unknown user', 1438255196, 1438258998, '0b97aa3cc2fc99c4c5763a00fe98785e', 0),
(134, 'Unknown user', 1438332300, 1438332300, '0625f1bcad3ec5685e3d097131ee73be', 0),
(135, 'Unknown user', 1438338447, 1438338447, 'e862b93b42284b05405a588629e7bf18', 0),
(136, 'Unknown user', 1438338463, 1438338463, '7b66870cc3fb07f76071238733403977', 0),
(137, 'Unknown user', 1438338479, 1438338479, '094fb7f7a11a5eacf642e395a38d884f', 0),
(138, 'Unknown user', 1438348717, 1438348717, '04877b8d1a5ed9f485e626744320afab', 0),
(139, 'Unknown user', 1438543173, 1438543173, 'e6b1993d1afc49e56c95d968a38044b0', 0),
(140, 'Unknown user', 1438613480, 1438614564, '97daa0d446d54493905d0c51444b133d', 0),
(141, 'Unknown user', 1438734423, 1438734423, '8aee48106cff5da24e52219e938fe755', 0),
(142, 'Unknown user', 1438813072, 1438813072, '5e349af3929f0d186f5da68ff71b0338', 0),
(143, 'Unknown user', 1438881442, 1438881442, '79387d77a07b8dcebc9bbb4cedd03ac8', 0),
(144, 'Unknown user', 1438893129, 1438893129, '400bfbe0b827662518d41ca44b827386', 0),
(145, 'Unknown user', 1438922894, 1438922894, 'c2c4b1db8be67d75574c10a801755d88', 0),
(146, 'Unknown user', 1438929770, 1438929770, '188ebcf8adc26a18adf0d1a1147d155a', 0),
(147, 'Unknown user', 1438933250, 1438933250, '6aa1733fbcd2aaeb09aafa20865a2533', 0),
(148, 'Unknown user', 1438937703, 1438937703, 'e6d4a41d6b536c3895a327c0725828a1', 0),
(149, 'Unknown user', 1438945943, 1438945943, 'c56084c52c6bed8b62a862d7fd68c5f7', 0),
(150, 'Unknown user', 1438947145, 1438971332, '1cba98c9df64bf798c6b911ff1af495a', 0),
(151, 'Unknown user', 1438968306, 1438968306, 'c45cc3f6f6e95d16c58804b5a9443b19', 0),
(152, 'Unknown user', 1439013812, 1439013812, '0ee830df145a69e4c7ed3be5210b6ea3', 0),
(153, 'Unknown user', 1439071660, 1439071660, '232e1440b85625d1b0543ed23691cd61', 0),
(154, 'Unknown user', 1439073793, 1439073793, '2e64512d38cc6c60802cd9b7f3911353', 0),
(155, 'Unknown user', 1439183087, 1439183854, 'cd7a5c88faec554fc9ec925d56100591', 0),
(156, 'Unknown user', 1439271323, 1439271323, '3105f11bc1ee02803810c12fb631a00b', 0),
(157, 'Unknown user', 1439287663, 1439287663, 'd9649a4b84a23ee420c3c65f49b1445d', 0),
(158, 'Unknown user', 1439407725, 1439407916, '8cf945b63ad417f3e609b15d710c2fec', 0),
(159, 'Unknown user', 1439407751, 1439407906, '3c76a938af3b1e9a83e5909a91704cf3', 0),
(160, 'Unknown user', 1439407792, 1439407919, '95260ac621c61fc0845989da0acd90bf', 0),
(161, 'Unknown user', 1439546890, 1439552633, 'b38fae6c93493cc259684603c6862eec', 0),
(162, 'Unknown user', 1439681190, 1439681190, '923458d10f84fa589340dde35289f6be', 0),
(163, 'Unknown user', 1439888711, 1439894296, '7b6d0c2bf4db6f3c294e21b3a0792eea', 0),
(164, 'Unknown user', 1439888767, 1439894292, 'befc55d26929d6297c2ffc8919f4e092', 0),
(165, 'Unknown user', 1439928527, 1439928527, '93c76f2e016de0bf4dd85823837960b9', 0),
(166, 'Unknown user', 1440091395, 1440091395, 'f0041115d1af199909534c1ae2ce8cf7', 0),
(167, 'Unknown user', 1440110730, 1440110730, '57fdba519aa5203cd1094dad3f7db53f', 0),
(168, 'Unknown user', 1440114474, 1440114474, '87640b49daede6c9dd46480463742426', 0),
(169, 'Unknown user', 1440119421, 1440119421, 'd55cee952b69c3b1fffff55b2d044c7a', 0),
(170, 'Unknown user', 1440153333, 1440153333, '910ee16b46f9e5bd71efb64447dfa776', 0),
(171, 'Unknown user', 1440153368, 1440153368, '6ff95b8fa3a1b62f90176d839dbeb324', 0),
(172, 'Unknown user', 1440161780, 1440161780, '53284242d087567bba191a276822f5a4', 0),
(173, 'Unknown user', 1440200239, 1440200239, '3690d0e281de440f5726335180c40d21', 0),
(174, 'Unknown user', 1440200358, 1440200358, '0a612f908137f7e5ab56c8316ec19f75', 0),
(175, 'Unknown user', 1440201924, 1440201924, '1e839c605d90e86e66da097e444fd4ca', 0),
(176, 'Unknown user', 1440207170, 1440207170, '25bcd5a975ee4c8658d6dc25581cf9c5', 0),
(177, 'Unknown user', 1440256957, 1440256957, 'a011e0c84bbd6758435f96b186a329af', 0),
(178, 'Unknown user', 1440257113, 1440257113, 'fc7aecbb7cf757528cd6ecefc9ff7588', 0),
(179, 'Unknown user', 1440281187, 1440281187, '5d7157921485c0f9aba43005391e7e43', 0),
(180, 'Unknown user', 1440295873, 1440295873, 'aa59f0a07dccc4893858609953792dbd', 0),
(181, 'Unknown user', 1440298096, 1440298096, '7b642a7f7b9b63c8d03d322b75552d62', 0),
(182, 'Unknown user', 1440299253, 1440299253, '51d6bf0ff6991f6b5d50306b6cdf3135', 0),
(183, 'Unknown user', 1440299309, 1440299309, 'f4c4a7b2d618ef5c1d6730c73166e0de', 0),
(184, 'Unknown user', 1440309210, 1440309210, '91f1b759537fd376afccf59c95473dbc', 0),
(185, 'Unknown user', 1440321193, 1440321193, '06d72e716f8d1ab1df65f4894c60c84e', 0),
(186, 'Unknown user', 1440337592, 1440337592, 'a2eb54f0adb73027a4279a9ee1d13e37', 0),
(187, 'Unknown user', 1440346840, 1440346840, '58432b44f0cbf853f6b454040d0611f2', 0),
(188, 'Unknown user', 1440346850, 1440346850, '1d6b563972cbf880d25f7bdf1bd832ec', 0),
(189, 'Unknown user', 1440413964, 1440413964, '10b579814fe2f2e4a2f3e6d633a62a06', 0),
(190, 'Unknown user', 1440415621, 1440417026, 'c7428b29fa6f172bc590170547c2e91e', 0),
(191, 'Unknown user', 1440422680, 1440422782, 'e89dbc835fcf3c87a220ae7c34d8436c', 0),
(192, 'Unknown user', 1440512963, 1440512963, '19e2dfa118bc5c9760d21c0c75c90189', 0),
(193, 'Unknown user', 1440534816, 1440534816, '5c485bb6ac12df071490ef5a83c3a984', 0),
(194, 'Unknown user', 1440596415, 1440596415, 'a45aeba3a4b71201f359d1734d0828b4', 0),
(195, 'Unknown user', 1440848021, 1440848021, 'f652c0af1d4a72b9168c3c12c2bac9a6', 0),
(196, 'Unknown user', 1440908726, 1440908726, '5b3f8f86013c5104eda237c11946bdfa', 0),
(197, 'Unknown user', 1440910158, 1440910158, 'aa85246c40f5ede0231313eda9587645', 0),
(198, 'Unknown user', 1440926430, 1440926430, 'f2f84fe1c76948608fa614c1b13a1148', 0),
(199, 'Unknown user', 1440931886, 1440931886, 'e47348e6794de5c0d09c7c22e7892017', 0),
(200, 'Unknown user', 1440939768, 1440939768, '569e616c0938213c2d6e2ff5d65b97cf', 0),
(201, 'Unknown user', 1440943711, 1440943711, 'a3002a0cc47d9edc6e4a57c6a422c17f', 0),
(202, 'Unknown user', 1440977646, 1440977646, '0ca2d8b8f76ab6519ca88170352267c9', 0),
(203, 'Unknown user', 1440983348, 1440983348, '3c5110e87f60a57bca945343d123fd55', 0),
(204, 'Unknown user', 1441003549, 1441003549, 'cf8bc272165052abbd5257427d58ab98', 0),
(205, 'Unknown user', 1441066610, 1441066610, '2dad85f4d54e0d95821dda8e53dac443', 0),
(206, 'Unknown user', 1441067886, 1441067886, '12d1b6066148fe6a5fedf010cfa23ad3', 0),
(207, 'Unknown user', 1441072550, 1441072550, '2cdefba1e16d50de3bfdd59f6dae0e04', 0),
(208, 'Unknown user', 1441074221, 1441074221, '49ed04757e83c0dc4bf0d4ef654b1cab', 0),
(209, 'Unknown user', 1441081842, 1441081842, 'f12f304dfd1bd3ac445bc772d6aadb11', 0),
(210, 'Unknown user', 1441091430, 1441091430, '0cdcf032c0c0437e1fc152f7118eb546', 0),
(211, 'Unknown user', 1441122632, 1441122632, '88fff04ef7eed5c1408270e65c2c0de2', 0),
(212, 'Unknown user', 1441155789, 1441155789, '9dc771f200c4d0e2c9fb9fb6c310cce6', 0),
(213, 'Unknown user', 1441178711, 1441178711, '3462e950e244c7a05cef93b64879b00a', 0),
(214, 'Unknown user', 1441191860, 1441191860, '477a06c2b7056c2630d8339beedcd7cd', 0),
(215, 'Unknown user', 1441191907, 1441191907, '03add4933584017d09cb59f0fc07e887', 0),
(216, 'Unknown user', 1441192832, 1441192832, '347a36bc9a8cf9bdf5193391304d65c5', 0),
(217, 'Unknown user', 1441202367, 1441202367, 'bf321ac15290e7f32671da60e53e1459', 0),
(218, 'Unknown user', 1441212438, 1441212438, '4a43f95866fe4c2f44be28a343751fc7', 0),
(219, 'Unknown user', 1441216613, 1441216613, '6d69ba676be3f6f8da8e0f3c1cc5baf2', 0),
(220, 'Unknown user', 1441245665, 1441245665, '223bf57c1246dba363bf3cd50cbcdaf8', 0),
(221, 'Unknown user', 1441248664, 1441248664, '650ac054f36b8999c03fd20524fae114', 0),
(222, 'Unknown user', 1441281884, 1441281884, '89128031e536ccf0556590568ac3dcf6', 0),
(223, 'Unknown user', 1441377432, 1441377432, '58051b3fa808c822ec713c309831c42e', 0),
(224, 'Unknown user', 1441377457, 1441377457, '25c9b661d7cd774ac10f2f440e2d1e53', 0),
(225, 'Unknown user', 1441385340, 1441385340, 'f84da013042021a0ddf851cb4bef5d4c', 0),
(226, 'Unknown user', 1441394318, 1441394318, '094091afd926633484e2d73065dbf4d4', 0),
(227, 'Unknown user', 1441394321, 1441394321, '94daf9b7d435fd26f92c5d47a252481e', 0),
(228, 'Unknown user', 1441421639, 1441421639, '9539d151b12464d7827d8eb54e2b35c9', 0),
(229, 'Unknown user', 1441431542, 1441431542, '5e0b1bd3aa22926e1a9edbd4cd2ed4a7', 0),
(230, 'Unknown user', 1441542872, 1441542872, '5a4162f9d268e563765439059724a5ed', 0),
(231, 'Unknown user', 1441579552, 1441579552, 'fe633ff67382a7f9671567f90db3622e', 0),
(232, 'Unknown user', 1441644372, 1441644372, 'aee2d35c4f96edd0f30abb890f1a56ed', 0),
(233, 'Unknown user', 1442004935, 1442004935, '6e8064d4bd36876107c75fea404b9f98', 0),
(234, 'Unknown user', 1442068112, 1442068112, 'c0767e4b541d49ac259199c0c760b0c2', 0),
(235, 'Unknown user', 1442533355, 1442533355, 'f902889105b9d457c409f86d9cae40ec', 0),
(236, 'Unknown user', 1442627933, 1442627933, 'bba2fd473c5eff44c83daad6376f17b2', 0),
(237, 'Unknown user', 1442639831, 1442639831, '7796bb9c6c02792cd1998a17d818dfc9', 0),
(238, 'Unknown user', 1442658063, 1442658063, '5f531dc8dcf916198952109f77b96ef6', 0),
(239, 'Unknown user', 1442668858, 1442668858, 'd5655f2a8dbef22a0ee427c2d106945c', 0),
(240, 'Unknown user', 1442683933, 1442683933, 'f05ef0e27e2fcedb0355f4b1095a9818', 0),
(241, 'Unknown user', 1442694393, 1442694393, 'f37cbcc080183ce3432afe6da7b66c84', 0),
(242, 'Unknown user', 1442705114, 1442705114, '2a29fe6e02584edaed0294bfd8f1a41d', 0),
(243, 'Unknown user', 1442717550, 1442717550, 'fbb9e2b228b8d578da72c75a91d2d22a', 0),
(244, 'Unknown user', 1442727183, 1442727183, '24f4140858b1ea7c82d8ce02d2218bb9', 0),
(245, 'Unknown user', 1442749297, 1442749297, 'ebcb9a69ede27000309888549ebb15ff', 0),
(246, 'Unknown user', 1442760032, 1442760032, '32a9fb2b20ceec0d5e2c90bdf0bb140a', 0),
(247, 'Unknown user', 1442760219, 1442760219, 'f84237ec99b2d5436579c9b4d1f1d39b', 0),
(248, 'Unknown user', 1442760236, 1442760236, '32b5be21861e075316d9b12db02fd056', 0),
(249, 'Unknown user', 1442760255, 1442760255, '46b263c83db6fbc6cd37895b6b96a2eb', 0),
(250, 'Unknown user', 1442760282, 1442760282, 'c4bd9d091a14e714f3a8a4bf86e75f3b', 0),
(251, 'Unknown user', 1442772348, 1442772348, 'cd3374d94996b5cf3da9d198883ad973', 0),
(252, 'Unknown user', 1442791526, 1442791526, '64e64e04b297c7bd0d92ef0e5600e28f', 0),
(253, 'Unknown user', 1442806807, 1442806807, 'c10dda884cd5a5dd6f5efa920322d12e', 0),
(254, 'Unknown user', 1442822668, 1442822668, 'a9f49e24fa18b07a5f077187d36ee759', 0),
(255, 'Unknown user', 1442834806, 1442834806, '6a2796ec33467ab7809952063e34224f', 0),
(256, 'Unknown user', 1442845650, 1442845650, '179c65c173e9996bd49a4af087aa453e', 0),
(257, 'Unknown user', 1442867969, 1442867969, '3ff5ebeeb96aeb822e288ef624b47a87', 0),
(258, 'Unknown user', 1442880212, 1442880212, '8fc92f21245e3b438e06a1d62e84ab2f', 0),
(259, 'Unknown user', 1442894925, 1442894925, '100d18b2bf5c0a289c772873f9a09e94', 0),
(260, 'Unknown user', 1442903287, 1442903287, '6d0684d29fc1719cd6239c3fdf157750', 0),
(261, 'Unknown user', 1442914921, 1442914921, '0a5c5890cd0181e8580922625c935ee3', 0),
(262, 'Unknown user', 1442918119, 1442918119, '7b6f113bcc79840c961ba7e94291d15a', 0),
(263, 'Unknown user', 1442933817, 1442933817, '9d263672bf5d058bff8a063250b95252', 0),
(264, 'Unknown user', 1442956698, 1442956698, 'bbdb8571909d155bfb8ae841d7b0845d', 0),
(265, 'Unknown user', 1442965691, 1442965691, '0bfaf41d0f1dff93a16f56a3413eb5aa', 0),
(266, 'Unknown user', 1442986848, 1442986848, '79d06adcd52203cba47288f3165e3afa', 0),
(267, 'Unknown user', 1443003077, 1443003077, 'f57c9ad7f506a78ace7e0c861437208e', 0),
(268, 'Unknown user', 1443014351, 1443014351, 'aa84b2fe1732f0118c9f1d416a46474a', 0),
(269, 'Unknown user', 1443032390, 1443032390, '6f78a87ad29e105cf36b2768ca83f481', 0),
(270, 'Unknown user', 1443048932, 1443048932, '0cad0665fcb4463b56e5dfdca547c150', 0),
(271, 'Unknown user', 1443058697, 1443058697, 'eb1ea7656664a22edcb10547cdffa564', 0),
(272, 'Unknown user', 1443085723, 1443085723, '6401bd1650b11c581e03e43691517a90', 0),
(273, 'Unknown user', 1443094854, 1443094854, '9ff59ca642e8732392c47539ffdccc98', 0),
(274, 'Unknown user', 1443113310, 1443113310, '647a35e5f6a52fade06c7bc9e336586e', 0),
(275, 'Unknown user', 1443131686, 1443131686, '10feafaf1df53537b3e2d105ffa459d8', 0),
(276, 'Unknown user', 1443149870, 1443149870, 'ce6a03b77a7758e72948378dbec69401', 0),
(277, 'Unknown user', 1443158712, 1443158712, '6864e94b65aa7ced015ea68fdebf6cbd', 0),
(278, 'Unknown user', 1443168166, 1443168166, 'd498ff9067acaf0b043bdb95e7c5126f', 0),
(279, 'Unknown user', 1443181811, 1443181811, 'dc5acf3fcd066a0b1eb4d34841f4ab65', 0),
(280, 'Unknown user', 1443196997, 1443196997, '9f436e0239dc330e45e0b422d06648c0', 0),
(281, 'Unknown user', 1443201354, 1443201354, 'f315bdcf938012eb9eb8ad86728cf76f', 0),
(282, 'Unknown user', 1443209442, 1443209442, '3240057b10468ba87134d982084fd44a', 0),
(283, 'Unknown user', 1443221471, 1443221471, 'ce40cf9beba9bc4e7da60caaec23a11d', 0),
(284, 'Unknown user', 1443232779, 1443232779, '790864e5e1b99e35c7cd664e8948f275', 0),
(285, 'Unknown user', 1443244400, 1443244400, 'b46b0289ac22c413279d77035e871cc8', 0),
(286, 'Unknown user', 1443251441, 1443251441, 'ef03decdabaa3f51d5c84c3b1752f78e', 0),
(287, 'Unknown user', 1443258098, 1443258098, 'b63f7cfae4ac5250a25b62ee8646b4e3', 0),
(288, 'Unknown user', 1443269828, 1443269828, '780490e38e4f89e8d8bd14f383372131', 0),
(289, 'Unknown user', 1443279213, 1443279213, 'fd296a1aef9370af0e3ed68f83635897', 0),
(290, 'Unknown user', 1443279213, 1443279213, '2f5620c35a46ea1c62705cb3be4a1b19', 0),
(291, 'Unknown user', 1443282942, 1443282942, 'd3bdb3cc7efee1c93d7a54ea0db7834b', 0),
(292, 'Unknown user', 1443300235, 1443300235, 'a829cdb85f9231338f85d225abd1989b', 0),
(293, 'Unknown user', 1443300611, 1443300611, '508b92eb831666bded20b3ce2f7eff2f', 0),
(294, 'Unknown user', 1443306131, 1443306131, '89133c5b84a5546cd3e73e90ccc435ec', 0),
(295, 'Unknown user', 1443313633, 1443313633, '7a63313dc6b527ae482886c0c01c34b8', 0),
(296, 'Unknown user', 1443326989, 1443326989, '03bf2030bd9cd44915606eaeaebb3437', 0),
(297, 'Unknown user', 1443335607, 1443335607, '22154d4e72d4595c3c811090819ab4f3', 0),
(298, 'Unknown user', 1443344694, 1443344694, 'a395d243492b2f132b70816de624ce4b', 0),
(299, 'Unknown user', 1443346817, 1443346817, '2bc9044204f6ff471614b253a54d55c5', 0),
(300, 'Unknown user', 1443372757, 1443372757, '8b1e2f5ecbb078b3cd19743cce5146cc', 0),
(301, 'Unknown user', 1443383621, 1443383621, '05e7194924460f4614abbdb5539c350d', 0),
(302, 'Unknown user', 1443394197, 1443394197, '06835651c71ec2f7d3a896ccc129fff5', 0),
(303, 'Unknown user', 1443413338, 1443413338, '8fbf90c7c1be7e525d609fc6d39d1cef', 0),
(304, 'Unknown user', 1443451229, 1443451229, '3801a2c45466d266e52e905b750582a0', 0),
(305, 'Unknown user', 1443464795, 1443464795, '72c6849f01ba5bf3d31da58e0ea10b13', 0),
(306, 'Unknown user', 1443484809, 1443484809, '5ff1b819cf912930e4c8746f7014f566', 0),
(307, 'Unknown user', 1443489663, 1443489663, '42cd16ad2899916a14b0d0f1d5c89cae', 0),
(308, 'Unknown user', 1443495850, 1443495850, '6dfa6279e48fca1ae85b69c0dba4e8fb', 0),
(309, 'Unknown user', 1443501837, 1443501837, '25f7cad00c38aa3108d708e263c6fc44', 0),
(310, 'Unknown user', 1443515462, 1443515462, '0826db6f46f69700a0e96f3e82d4ba7c', 0),
(311, 'Unknown user', 1443534799, 1443534799, '23cf276f625b4cf3c81ac31cb0374296', 0),
(312, 'Unknown user', 1443535129, 1443535129, '7ce3f0e45ae45eddf1f4a7c67ef336d7', 0),
(313, 'Unknown user', 1443535140, 1443535140, '75b0c0a1cd9fb4a8a1f9315734354535', 0),
(314, 'Unknown user', 1443535154, 1443535154, '746ca61461fadead4335c25b4818c475', 0),
(315, 'Unknown user', 1443535168, 1443535168, 'a81cd8cebacea91e89ea6be7901f7e7e', 0),
(316, 'Unknown user', 1443540754, 1443540754, '64c348254710bb5dfcb96a0aedaf69b6', 0),
(317, 'Unknown user', 1443557587, 1443557587, 'b452b63f94759bbd2e6eb98427910bfd', 0),
(318, 'Unknown user', 1443558871, 1443558871, 'ba5e4473596642f32257871c5b9acf9b', 0),
(319, 'Unknown user', 1443606787, 1443693171, 'af04f51be783279fe82332b1bb8d89a6', 0),
(320, 'Unknown user', 1443661237, 1443661237, '4ddfbe2534b782bbc072e5a254deb393', 0),
(321, 'Unknown user', 1443672351, 1443672351, '4c8e1fb86470de99d78f383e205526f2', 0),
(322, 'Unknown user', 1443693201, 1443697013, 'db31d81dd6cd390e127c67faed9162a8', 0),
(323, 'Unknown user', 1443756523, 1443756523, '9f8e616194b1a14f98c2b3a666a23629', 0),
(324, 'Unknown user', 1443767791, 1443767791, '52c9c1cd02e576c1099958d60a4bf6b2', 0),
(325, 'Unknown user', 1443778286, 1443778286, '6fc1ab98245093ac818848da469586e6', 0),
(326, 'Unknown user', 1443782734, 1443782734, 'd643698cd4491983065c1891f86e3a33', 0),
(327, 'Unknown user', 1443794737, 1443794737, '9230d08279fb557bb242a49c5d1839c5', 0),
(328, 'Unknown user', 1443805897, 1443805897, 'ad45e4cf1bc76a283519f8d7041a7f47', 0),
(329, 'Unknown user', 1443814889, 1443814889, 'e26b913d3e491ae0c2e56ccd7e10608e', 0),
(330, 'Unknown user', 1443849352, 1443849352, 'b6f172152f47486d6b459e70e97791f1', 0),
(331, 'Unknown user', 1443889233, 1443889233, 'd01a20b84061e21c09a8eb64bd3f24f8', 0),
(332, 'Unknown user', 1443896302, 1443896302, '0ded184ba0044bd5a034e8af654e182c', 0),
(333, 'Unknown user', 1443907704, 1443907704, '5322323131f38bd5d2db66b9528a1aa0', 0),
(334, 'Unknown user', 1443920184, 1443920184, '2728da8f95412e272cea27d1f5ce8158', 0),
(335, 'Unknown user', 1443932754, 1443932754, '2a10dbb70bc031d1d7027d6af8e39e11', 0),
(336, 'Unknown user', 1443943699, 1443943699, '74d9d1edc7e0f32bfe9eb80fe056134c', 0),
(337, 'Unknown user', 1443957133, 1443957133, '0b24d03382a3636f79fc627e2d674d0d', 0),
(338, 'Unknown user', 1443980450, 1443980450, 'eefe7861dd3c57b2265b1a5938463233', 0),
(339, 'Unknown user', 1443980464, 1443980464, 'a2e91e08a298974102154371bb54eccb', 0),
(340, 'Unknown user', 1443981477, 1443981477, '55f110a07c34fb0721012a786fac1aff', 0),
(341, 'Unknown user', 1443986210, 1443986210, 'bca20017f4396ae5246d2abdd6035c64', 0),
(342, 'Unknown user', 1443987167, 1443987167, '2fa82ec40cae3aed6062ee85ffa9f002', 0),
(343, 'Unknown user', 1443992660, 1443992660, 'cb09419d6616f06eed0f169fc2a7e4c5', 0),
(344, 'Unknown user', 1443993529, 1443993529, '8ea4ebe217cfc6af397a7ea1183cf60c', 0),
(345, 'Unknown user', 1444000847, 1444000847, '03adcb1f724f730e543e853b49affc23', 0),
(346, 'Unknown user', 1444005063, 1444005063, '886b734362f35bf11ec0cf03cdf32a23', 0),
(347, 'Unknown user', 1444007572, 1444007572, '6d34354d2fdb591531c31d99a00c71cf', 0),
(348, 'Unknown user', 1444067288, 1444067288, '22de6ba83b2d17d887231abff796ce9d', 0),
(349, 'Unknown user', 1444133463, 1444133463, 'f6edeca5f4bbe7a5d7c1c0b9243bac88', 0),
(350, 'Unknown user', 1444134510, 1444134510, '5878248f0b83f83f3862ed9d026fc74c', 0),
(351, 'Unknown user', 1444144317, 1444144317, '3aac62af8a501111a3925f443cd301dd', 0),
(352, 'Unknown user', 1444153985, 1444153985, '941ac629ec84e8c91f49142ff989d9aa', 0),
(353, 'Unknown user', 1444160108, 1444160108, '4dd36a1b26d004e125785ca77420665a', 0),
(354, 'Unknown user', 1444165773, 1444165773, '7db1ee9192d02700edc87305659bb04a', 0),
(355, 'Unknown user', 1444427560, 1444427560, '8074812f22e3cde0e6d1fefd8f5ac554', 0),
(356, 'Unknown user', 1444434055, 1444434055, 'e54817417ee37366874181236a8aaff2', 0),
(357, 'Unknown user', 1444523651, 1444523651, 'bb2f38e6e152520137f76b1edaf9c13b', 0),
(358, 'Unknown user', 1444721724, 1444721724, '33216402368262fb4e7ffadd79854af3', 0),
(359, 'Unknown user', 1444894862, 1444894862, '3631f26248475b3fd9f4c7b66cbbb191', 0),
(360, 'Unknown user', 1445004300, 1445004300, '5657256a46b71903852e09ed82e5cfae', 0),
(361, 'Unknown user', 1445009283, 1445009283, '5924d57aab3681bae019d6a6717d4627', 0),
(362, 'Unknown user', 1445079004, 1445079004, 'e3f29b8ec88e97a844ecccce6c7b6669', 0),
(363, 'Unknown user', 1445079004, 1445079004, '9aa53a6debcc53334e811f8f9256c38e', 0),
(364, 'Unknown user', 1445436136, 1445436136, '549efda09993451f24cf2c2785f7b741', 0),
(365, 'Unknown user', 1445551122, 1445551122, 'ee6ad34aa330ea93067a016a366df956', 0),
(366, 'Unknown user', 1445569636, 1445569636, 'f2e36d9aa7efd0e7ca4f72a57a3a027e', 0),
(367, 'Unknown user', 1445578043, 1445578043, '25380223e7a7b0d0f368cc78814b1ea2', 0),
(368, 'Unknown user', 1445593754, 1445593754, 'b2562316347fd7c6c8c6cf5c3b5bd968', 0),
(369, 'Unknown user', 1445597462, 1445597462, '64cf6a07f10b025d38a3ca33bca9fcea', 0),
(370, 'Unknown user', 1445608274, 1445608274, '7c9878833a54c248558cde5b946845ea', 0),
(371, 'Unknown user', 1445615152, 1445615152, 'f3222edac708d9b185dfefd608827e00', 0),
(372, 'Unknown user', 1445615706, 1445615706, '8f2190d00630c2dfc86579d6660208a6', 0),
(373, 'Unknown user', 1445656539, 1445656539, 'fb8e0e6a11eafe30727d3d50389e0d16', 0),
(374, 'Unknown user', 1445741948, 1445741948, '7c05db059d99ec819ce2b244df8c67f9', 0),
(375, 'Unknown user', 1445779956, 1445779956, 'e28a2eb8f1163d3cdcf53bacb306c8e3', 0),
(376, 'Unknown user', 1445848431, 1445848431, 'bc630e985c590dc7187124a71e8e3395', 0),
(377, 'Unknown user', 1445869278, 1445869278, 'faca9e46b2fb42a109c1b26be11461d1', 0),
(378, 'Unknown user', 1445885607, 1445885607, '49af03c30dfd747f259060dea1400219', 0),
(379, 'Unknown user', 1445936359, 1445936359, '8bf84e020fe0f85cbcb462d05bb0614e', 0),
(380, 'Unknown user', 1446012483, 1446012483, '45946f94c600592835f54031c2632a53', 0),
(381, 'Unknown user', 1446166478, 1446166478, '2e4de4da9bf99c9d26839891ab5797b3', 0),
(382, 'Unknown user', 1446362252, 1446362252, 'ccc78da76825dd0c185b3857f8ef5922', 0),
(383, 'Unknown user', 1446372388, 1446372388, 'b4acf12355c79d161132979683d23518', 0),
(384, 'Unknown user', 1446377874, 1446377874, '3d2cd3758a8df50b1aec24122aa3fb2a', 0),
(385, 'Unknown user', 1446383342, 1446383342, '7bc244a6d3b9bd68d304812bd1e184d1', 0),
(386, 'Unknown user', 1446493450, 1446493450, '2a0d741288d12abe637c74b697b979e1', 0),
(387, 'Unknown user', 1446519709, 1446519709, 'd75b033e9f05d78ba2ace9500abe73b8', 0),
(388, 'Unknown user', 1446540011, 1446540011, 'afc040bf0ca4a957300065d1e5be224e', 0),
(389, 'Unknown user', 1446593075, 1446593075, '8d1211b60d8f5976b532c95e35260908', 0),
(390, 'Unknown user', 1446684244, 1446684244, '0d0f87842afa923d20bc3c27179bd06e', 0),
(391, 'Unknown user', 1446732305, 1446732305, '591c89391fdf3d7a285f3df17425a184', 0),
(392, 'Unknown user', 1446742156, 1446742156, '8f624abad78c1aee4fc905db10cffc6b', 0),
(393, 'Unknown user', 1446777202, 1446777202, '375519f1a4ef34d0482ec13da3fd003d', 0),
(394, 'Unknown user', 1446789018, 1446789018, 'd104ac0b51d000403821406e951e4d6d', 0),
(395, 'Unknown user', 1446797951, 1446797951, 'ddd269a0ae1d950a03fd804ccd4acbb2', 0),
(396, 'Unknown user', 1446809289, 1446809289, '7ba792184333c156d4ce7e0c861d0559', 0),
(397, 'Unknown user', 1446831669, 1446831669, '2a7130490d1f6ecede01e5004e246628', 0),
(398, 'Unknown user', 1446846244, 1446846244, '0c37be7776ed71ec62bb8b9ad7b364ed', 0),
(399, 'Unknown user', 1446861855, 1446861855, '24726ba7efd16f569d3888cf3f3997b7', 0),
(400, 'Unknown user', 1446872933, 1446872933, '95076f544b399923c71b19b38bc44d89', 0),
(401, 'Unknown user', 1446877691, 1446877691, '2d9f54765f6d1d4b6e267f84bc7e381e', 0),
(402, 'Unknown user', 1446892349, 1446892349, '08514befa6ad66415e6f5b78b70d6189', 0),
(403, 'Unknown user', 1447017395, 1447017395, '45ef4c4cdbf1c12330bc6239a1362c7d', 0),
(404, 'Unknown user', 1447035857, 1447035857, '272963517b3cb2e94d1112a5a98da938', 0),
(405, 'Unknown user', 1447050974, 1447050974, 'd73a1c32dde3d136f73ad0ab3e5121ed', 0),
(406, 'Unknown user', 1447058721, 1447058721, 'af8d199e28d465d2c9673de42d87ef00', 0),
(407, 'Unknown user', 1447069390, 1447069390, 'b88ec36a0f0629c79a0323df3cec24ca', 0),
(408, 'Unknown user', 1447081558, 1447081558, '18f18136cda531bd0b17c403bcceb41c', 0),
(409, 'Unknown user', 1447088365, 1447088365, 'aa7bff37c2098d4b6fb8296af6fedf2b', 0),
(410, 'Unknown user', 1447096580, 1447096580, '3ff7a31996b541d5e9241ffcd6139692', 0),
(411, 'Unknown user', 1447113788, 1447113788, '918dfbdf2c728b0c18a619c831998777', 0),
(412, 'Unknown user', 1447137437, 1447137437, '760e3b43e6fbc1723c9b5d0a22fcfc10', 0),
(413, 'Unknown user', 1447137656, 1447137656, '767dcacc0da098f3c7154f93d739bf38', 0),
(414, 'Unknown user', 1447137659, 1447137659, 'fd7308383a6de77750ced66c6e6c239a', 0),
(415, 'Unknown user', 1447137664, 1447137664, 'f9d07528c8bc096e122a717acfbe506f', 0),
(416, 'Unknown user', 1447137673, 1447137673, 'c04d2ae6f774a159a8c40742f6e168d3', 0),
(417, 'Unknown user', 1447146587, 1447146587, '38cbe5e830e7f92586a32cffad2c802f', 0),
(418, 'Unknown user', 1447156803, 1447156803, 'bcb6a92666ea170bd24c2a96d6584171', 0),
(419, 'Unknown user', 1447167373, 1447167373, '41b33ac259e21cf3bd35132f3ea5a08a', 0),
(420, 'Unknown user', 1447183250, 1447183250, '6cec0901323e4c0a9957daa5123536fa', 0),
(421, 'Unknown user', 1447191136, 1447191136, 'fcdd817238c0ef210b7c8f0bd95c1f3a', 0),
(422, 'Unknown user', 1447214280, 1447214280, 'c80ea0fa0106fac00c2a7030a1a33f2a', 0),
(423, 'Unknown user', 1447225292, 1447225292, '85de4d18b4502c848a298e8abb98c1ef', 0),
(424, 'Unknown user', 1447237952, 1447237952, 'a927cd66e0b4dd208538363949dab52e', 0),
(425, 'Unknown user', 1447250473, 1447250473, '6a02b714882438d6a2c0895804bd1c4d', 0),
(426, 'Unknown user', 1447264349, 1447264349, 'd3ddfab8bf1d7d7e4cfba4534fea86e7', 0),
(427, 'Unknown user', 1447271516, 1447271516, 'e4af4a2f40485c8cc5a10590c5fb3313', 0),
(428, 'Unknown user', 1447283118, 1447283118, '40e848316a46fb5a0f9f77716be3380a', 0),
(429, 'Unknown user', 1447470424, 1447470424, 'f3676debb451e2195f114297904c5c4e', 0),
(430, 'Unknown user', 1447574366, 1447574366, 'e0cda1020962c7bacb51458c5b1525ad', 0),
(431, 'Unknown user', 1447594454, 1447594454, 'f4bfe6e5d512dd7291fa0f6f194ef9b0', 0),
(432, 'Unknown user', 1447603191, 1447603191, '64995c12cabd96989cdc4caa96166bcb', 0),
(433, 'Unknown user', 1447620865, 1447620865, '83319f67c6837478125beec706ec4f4c', 0),
(434, 'Unknown user', 1447657632, 1447657632, '74aceaa33214142d520033ef2c4e04e4', 0),
(435, 'Unknown user', 1447824569, 1447824569, '7fc1f143157c1ae68963dcb1864506c6', 0),
(436, 'Unknown user', 1447844483, 1447844483, '4994a6a82ed631e729e41c1c341c0eee', 0),
(437, 'Unknown user', 1447855787, 1447855787, 'cc56ccf0de41aac3a29eba329d4d2686', 0),
(438, 'Unknown user', 1447873341, 1447873341, 'efe7b700021821b5f560e8af1eee1c1f', 0),
(439, 'Unknown user', 1447948984, 1447948984, '7f320a1d7810bd0ab37a2dac42e850bf', 0),
(440, 'Unknown user', 1448034937, 1448034937, '047f2f9e2c2f381169c205a0be514dc8', 0),
(441, 'Unknown user', 1448263742, 1448263742, '2d73080bc2cc7620dc4787c4b4d05cbe', 0),
(442, 'Unknown user', 1448356259, 1448356259, '395a9c79ffc7b2e03765969324d3a3c1', 0),
(443, 'Unknown user', 1448369069, 1448369069, 'eac5149474e04a1742e93247bc55d4cc', 0),
(444, 'Unknown user', 1448388852, 1448388852, '28c1dab6b87976aa8e478853af6fe105', 0),
(445, 'Unknown user', 1448399391, 1448399391, '09eeaaca24d905dbaf830d3544f11e0a', 0),
(446, 'Unknown user', 1448420789, 1448420789, '7cca42cd131918064f04128157a7fb1a', 0),
(447, 'Unknown user', 1448427052, 1448427052, '5badfd2318d435d86e5909ae41a00b28', 0),
(448, 'Unknown user', 1448442392, 1448442392, '094fcbb5f505d1e4b92cacc8fa5837f7', 0),
(449, 'Unknown user', 1448452225, 1448452225, 'f28aff154ed463a78b9302cdf31b3056', 0),
(450, 'Unknown user', 1448462540, 1448462540, '4ad9bbac2aa870ec19cfe0bf69edae68', 0),
(451, 'Unknown user', 1448480729, 1448480729, '048f41a7f29b2eb79245c99c7182b6fe', 0),
(452, 'Unknown user', 1448493154, 1448493154, 'bca68ecb529ecdaff01a6946c9c718bc', 0),
(453, 'Unknown user', 1448497940, 1448497940, '9018a5ab6c3643e6a320e599c11900d3', 0),
(454, 'Unknown user', 1448512753, 1448512753, 'b314344e3c4e074b31d2cb63aa6c3023', 0),
(455, 'Unknown user', 1448524906, 1448524906, '65c7ef97f46a7f1bc73b3a391695d9dd', 0),
(456, 'Unknown user', 1448532427, 1448532427, '29192da7b558469059ef2ab665ac6f03', 0),
(457, 'Unknown user', 1448539179, 1448539179, '640ee62102a68b5128e06a128ba801a6', 0),
(458, 'Unknown user', 1448551696, 1448551696, 'ef741239d2dd23f29e5d6c6acc30bca9', 0),
(459, 'Unknown user', 1448558395, 1448558395, '18a11828d3c709d413dd3969a9e7d66c', 0),
(460, 'Unknown user', 1448567670, 1448567670, '9de2e618371bca0cf1ad65a6a04098e1', 0),
(461, 'Unknown user', 1448579757, 1448579757, '1c867e5dd6eef24ec2e4682863b8d1b9', 0),
(462, 'Unknown user', 1448592761, 1448592761, '9db800b8888b951414b7c3d8f66ff002', 0),
(463, 'Unknown user', 1448604650, 1448604650, '1e3aef6878134f3b5b866bf222a1b23d', 0),
(464, 'Unknown user', 1448617759, 1448617759, '102afb85e62efef03027b82e2b77451d', 0),
(465, 'Unknown user', 1448635194, 1448635194, 'ef717f80d2935d465fc922a76c6226b4', 0),
(466, 'Unknown user', 1448649727, 1448649727, 'd30c117835990816447e07c3c8339da3', 0),
(467, 'Unknown user', 1448664413, 1448664413, 'acf5c01e59fb2b1856dd3b3105443044', 0),
(468, 'Unknown user', 1448676925, 1448676925, 'c4400d191a9a6f825c20a4a2d65ef04f', 0),
(469, 'Unknown user', 1448692464, 1448692464, '29c97482d9bca93750bbfaaf4161179d', 0),
(470, 'Unknown user', 1448705793, 1448705793, '683a389703cd13c876ecf360893cfa8c', 0),
(471, 'Unknown user', 1448713202, 1448713202, '24caf89243296762a1e59d26b46149c1', 0),
(472, 'Unknown user', 1448736348, 1448736348, '65b6930b5e95c88e16ff32756fc37af9', 0),
(473, 'Unknown user', 1448749292, 1448749292, '43c606c108e7c4738491e65b8d950acd', 0),
(474, 'Unknown user', 1448764158, 1448764158, '83f4df41d6506558a4510d3434c5f9a3', 0),
(475, 'Unknown user', 1448779256, 1448779256, 'aefd473c2fc36a8f80a09eebfe345acd', 0),
(476, 'Unknown user', 1448790792, 1448790792, '81ac93965208221a160450c9abae13d9', 0),
(477, 'Unknown user', 1448810997, 1448810997, '240d9d656f95e25da41d84d8b7d474cc', 0),
(478, 'Unknown user', 1448821702, 1448821702, '7c45ec5ac7ed60dfd26361662a8571eb', 0),
(479, 'Unknown user', 1448829896, 1448829896, 'bef9c25fb109cee77e3fedfcc4fab73e', 0),
(480, 'Unknown user', 1448842893, 1448842893, 'efab36147bef53dc47b6a0b74467bb84', 0),
(481, 'Unknown user', 1448849116, 1448849116, 'f2aa12c9513ee671a2dc4c8eae5f7e19', 0),
(482, 'Unknown user', 1448870466, 1448870466, '2457e777a62a55d58b83a16a5563e897', 0),
(483, 'Unknown user', 1448879047, 1448879047, 'd7ed5a92c15554eabb1b662af68b957c', 0),
(484, 'Unknown user', 1448882509, 1448882509, '00622ab07946a406ff7d1b03a605ba5b', 0),
(485, 'Unknown user', 1448882513, 1448882513, '28fc149f725495899ad2759f777de463', 0),
(486, 'Unknown user', 1448889850, 1448889912, '835fcfd7752646174ce01559afbde004', 0),
(487, 'Unknown user', 1448897244, 1448897244, 'f322f04ec50f357491036763423a32da', 0),
(488, 'Unknown user', 1448952082, 1448952082, '3ac047b430b91c150e3638ec378f3ec4', 0),
(489, 'Unknown user', 1448965345, 1448965345, 'e7d87df0317f82d2c0d5c14e0a2a33f8', 0),
(490, 'Unknown user', 1448976509, 1448976509, '8b9dac3b9d8b05e987187badf15a0444', 0),
(491, 'Unknown user', 1448988517, 1448988517, '52751937904e37321b9030e701215d74', 0),
(492, 'Unknown user', 1448996043, 1448996043, 'b6ba6b9ee171c46cc91f9fc3de305b80', 0),
(493, 'Unknown user', 1448999815, 1448999815, '1061f53ee725130bf5c00cffb6ec7ad6', 0),
(494, 'Unknown user', 1449011718, 1449011718, '0472e3e339c30272351e9508792525df', 0),
(495, 'Unknown user', 1449012500, 1449012500, '208a1beafb4f9d1d17ff60a2e0d8b3d7', 0),
(496, 'Unknown user', 1449022482, 1449022482, 'a6d54639ff5da1f32b75de5fcca0ac93', 0),
(497, 'Unknown user', 1449044478, 1449044478, '5e8e1c6f720d5a3d9e90e474640acc8e', 0),
(498, 'Unknown user', 1449059072, 1449059072, '66d4da79d2db844f4ce16db23d9d9c39', 0),
(499, 'Unknown user', 1449066149, 1449066149, '999e5d2e762d30bfb5ae9c8b18a9982f', 0),
(500, 'Unknown user', 1449074209, 1449074209, '797c8a6fa26d6c3c12a57bb151a6adb8', 0),
(501, 'Unknown user', 1449087606, 1449087606, '42b15a23475ff2f40a02470ca796ee00', 0),
(502, 'Unknown user', 1449099410, 1449099410, '71040f1970feb42512e110b1da85fce2', 0),
(503, 'Unknown user', 1449114095, 1449114095, 'ccb76dcee6df0e19730ebd0715257720', 0),
(504, 'Unknown user', 1449119946, 1449119946, '2877f28afd00c0777a857083831f778c', 0),
(505, 'Unknown user', 1449123232, 1449123232, '1dd38f16530ebb3a1fc0bbf2ccc3616d', 0),
(506, 'Unknown user', 1449125210, 1449125210, '591a0fbb275445e80d8a0b274e4f79b1', 0),
(507, 'Unknown user', 1449135219, 1449135219, 'd91e56a0a32b1c0efd85e8288ab04e59', 0),
(508, 'Unknown user', 1449145282, 1449145282, '5996fe313f0d12314aa393ce4eb251c3', 0),
(509, 'Unknown user', 1449157479, 1449157479, '4a307e3ace50aa0952d1c90d72dfcef3', 0),
(510, 'Unknown user', 1449173879, 1449173879, 'f8084dda897b34cb37ad6d56511b2716', 0),
(511, 'Unknown user', 1449185005, 1449185005, '3a8cbde3dbe0bd92d96699ade98d1bb8', 0),
(512, 'Unknown user', 1449216845, 1449216845, '29141395a9948a7a7904a4d264217478', 0),
(513, 'Unknown user', 1449220385, 1449220385, '2858d8c041fec982628560db6c9cfa3e', 0),
(514, 'Unknown user', 1449246550, 1449246550, 'c37d6f3de32ab8bc530521f664b60fa9', 0),
(515, 'Unknown user', 1449255481, 1449255481, 'd93d48e4d4d650ea34ecaf20cf0b17ca', 0),
(516, 'Unknown user', 1449264095, 1449264095, '44b959e23cbd9ab653ab1f976c41b3ea', 0),
(517, 'Unknown user', 1449285187, 1449285187, '8a45d597a452bc9cace1680ee94e62d2', 0),
(518, 'Unknown user', 1449301986, 1449301986, 'f36bc050cb90f8087242e7a4fa43439d', 0),
(519, 'Unknown user', 1449314398, 1449314398, 'd7be465fa42e172405eba9a09ff2ecbd', 0),
(520, 'Unknown user', 1449325248, 1449325248, '87b77b4522dc9f1f3c870c01a9241d98', 0),
(521, 'Unknown user', 1449333980, 1449333980, '2d66c1d2f1ee9e2a5dfd33608ae6a0ad', 0),
(522, 'Unknown user', 1449343610, 1449343610, '655d4ff973b84c9ed34580a082b734db', 0),
(523, 'Unknown user', 1449354274, 1449354274, '1b53fa3a26f8cc49de6b7e8d6348ac12', 0),
(524, 'Unknown user', 1449366183, 1449366183, '1b40c6435138fb940b901002843ad780', 0),
(525, 'Unknown user', 1449377454, 1449377454, '465111edb0896e1eb3a5940ed20d4b45', 0),
(526, 'Unknown user', 1449386588, 1449386588, '2bf91b6bbe6d507a3389fbd105c0a783', 0),
(527, 'Unknown user', 1449398163, 1449398163, 'a72241cd46caf87ee3df38f94597fc34', 0),
(528, 'Unknown user', 1449404071, 1449404071, 'dce859f8da8c8392594cb06ee6aeeb4e', 0),
(529, 'Unknown user', 1449413871, 1449413871, '81accad1cddae5f8707d50388510c886', 0),
(530, 'Unknown user', 1449423612, 1449423612, 'c98890f4428aced9eeaa137e1b11a3b6', 0),
(531, 'Unknown user', 1449433951, 1449433951, 'd00cd52ffd2be114082ff7edb2cebb43', 0),
(532, 'Unknown user', 1449454858, 1449454858, 'c98a2228cfa8a9e2f69b97ef057479fb', 0),
(533, 'Unknown user', 1449465522, 1449465522, '0dcfdc652d9e1ca5726bc90646645cf3', 0),
(534, 'Unknown user', 1449477986, 1449477986, '1c54eeafb56e500057ac6d6109bb866b', 0),
(535, 'Unknown user', 1449489972, 1449489972, '1d4d44c29272f19a9827c1829ee84537', 0),
(536, 'Unknown user', 1449501282, 1449501282, '6023e5fd801cd1a9b0c1b906dda97705', 0),
(537, 'Unknown user', 1449537971, 1449537971, '13282537950a57f1a1e1ee352c134564', 0),
(538, 'Unknown user', 1449548180, 1449548180, 'a41f1a52c17e1f198d8ad25d8fd58099', 0),
(539, 'Unknown user', 1449556184, 1449556184, '44d302b0da5c3334715d2283844adc00', 0),
(540, 'Unknown user', 1449578676, 1449578676, '5dee3b0f55adb6c17e5efbda0eccdb15', 0),
(541, 'Unknown user', 1449591459, 1449591459, '07d764f2e26a9d5b27aa3f6ac3fe9dc4', 0),
(542, 'Unknown user', 1449600839, 1449600839, 'e57c1f8a5ad95113b626c87f598034b6', 0),
(543, 'Unknown user', 1449600941, 1449600941, '0b4b589bdbfa466c2b2534d73ebfca34', 0),
(544, 'Unknown user', 1449600951, 1449600951, '2f05ce98aae629489b691caf18b90738', 0),
(545, 'Unknown user', 1449600992, 1449600992, '6bb8315ccba3a811b046b29a61c41576', 0),
(546, 'Unknown user', 1449601002, 1449601002, '711487054c4bd2df15c7a11726e1ffe5', 0),
(547, 'Unknown user', 1449611955, 1449611955, '0741efaa73c1835879138e3650a5e412', 0),
(548, 'Unknown user', 1449623581, 1449623581, 'f5dd9697d2b5d0e8edd1a99ecc8fc079', 0),
(549, 'Unknown user', 1449635845, 1449635845, 'cacfdb86e83bad8ded1852384b1256cb', 0),
(550, 'Unknown user', 1449641997, 1449641997, '6b8332c06bf476beec462fc0d2257af2', 0),
(551, 'Unknown user', 1449651559, 1449651559, '9b394da1d872fe6bc0266e2033cbec8d', 0),
(552, 'Unknown user', 1449660648, 1449660648, 'a1a247892b39bbec2899a96d1f6c4de6', 0),
(553, 'Unknown user', 1449669717, 1449669717, '74ace9d3b977b56f96424989f63d34d8', 0),
(554, 'Unknown user', 1449683219, 1449683219, '0aeb6d5fbf98b78ca51878552a4ed754', 0),
(555, 'Unknown user', 1449689048, 1449689048, 'e5bfaf745b147b20ab133f144cd4e8a8', 0),
(556, 'Unknown user', 1449697818, 1449697818, '4ea267a63153d53205276bc6ea3c4038', 0),
(557, 'Unknown user', 1449703230, 1449703230, '47b9fc348533460d2bdf3de39a02196b', 0),
(558, 'Unknown user', 1449708541, 1449708541, '8ee88e9bbd6540a02ea914d0d33a1c99', 0),
(559, 'Unknown user', 1449718870, 1449718870, '58ac6ec316b5333328a6143ee7dbda75', 0),
(560, 'Unknown user', 1449729967, 1449729967, '7e36b0610fd39673d7e0b76b877c3c81', 0),
(561, 'Unknown user', 1449743386, 1449743386, '75d00d0987492c65910adb0651605f2f', 0),
(562, 'Unknown user', 1449754045, 1449754045, 'efc195a2ae3c30eb5f82b43abe427098', 0),
(563, 'Unknown user', 1449767991, 1449767991, '893ee46e47b179bfa2de6888f3701d03', 0),
(564, 'Unknown user', 1449779294, 1449779294, '77a8a723c8a7e1bca90024e34ae55ffa', 0),
(565, 'Unknown user', 1449795368, 1449795368, '356d4e1a4032b24251951d84906d19f4', 0),
(566, 'Unknown user', 1449814848, 1449814848, '49b1fc8f1274cc7959d050b355912b50', 0),
(567, 'Unknown user', 1449828044, 1449828044, '23788df98c9f576915e2902bdeee9f36', 0),
(568, 'Unknown user', 1449849632, 1449849632, '096012aae22c880aeb7fc6ac67ad323d', 0),
(569, 'Unknown user', 1449858593, 1449858593, '41d3d34013c027550a9f71875b47cf3c', 0),
(570, 'Unknown user', 1449889061, 1449889061, '37013881ba26b706e34c7562efbee084', 0),
(571, 'Unknown user', 1449901995, 1449901995, 'e055cfe2a3f9a8d949684e99d801906e', 0),
(572, 'Unknown user', 1449922616, 1449922616, '6803508d7cebd254ec43cb9e4eb47970', 0),
(573, 'Unknown user', 1449928420, 1449928420, '0d91def42fda2f0436afbdf60e2edd30', 0),
(574, 'Unknown user', 1449940317, 1449940317, '0f256a97b9160d6a0aee773771dc6d3e', 0),
(575, 'Unknown user', 1449956628, 1449956628, '841bd65bbc2317d38ea7adbf35b41ac1', 0),
(576, 'Unknown user', 1449965912, 1449965912, '766bc6f6b7100caef06a1939e38ec23a', 0),
(577, 'Unknown user', 1449975822, 1449975822, 'ad6fc919968fe22313ce60fc4b055f51', 0),
(578, 'Unknown user', 1449985389, 1449985389, 'ecfee461a7718410b4668265b6748d81', 0),
(579, 'Unknown user', 1449995465, 1449995465, '32922047666788851061918491b7eb6b', 0),
(580, 'Unknown user', 1450000313, 1450000313, 'da934ca696ca6be3a04224f41c8923cb', 0),
(581, 'Unknown user', 1450002098, 1450002098, '8f442035a25e0f0eb4a268fff29dc055', 0),
(582, 'Unknown user', 1450015649, 1450015649, '97b4bde307ad4275723a1071ea085993', 0),
(583, 'Unknown user', 1450027368, 1450027368, '5651b44fd0e90c670cf3735c9b3716ea', 0),
(584, 'Unknown user', 1450037855, 1450037855, '26f3ad7d48d41c09d81c4538827c90aa', 0),
(585, 'Unknown user', 1450048961, 1450048961, '3d942b2213394bfc3550b3c6fbdda20f', 0),
(586, 'Unknown user', 1450058304, 1450058304, '2e329fc1cd9bad6de2e44e4979caef03', 0),
(587, 'Unknown user', 1450065468, 1450065468, '4625529573c19375cdadc7a88828495e', 0),
(588, 'Unknown user', 1450079549, 1450079549, '97e0c1b87bc7ba2b9fe871ea703d4d8f', 0),
(589, 'Unknown user', 1450092643, 1450092643, 'c4f5337b944d9b3b9e60b902702e267f', 0),
(590, 'Unknown user', 1450092836, 1450092836, '40b8f21eb0bec972b547e93325225bdb', 0),
(591, 'Unknown user', 1450104249, 1450104249, '5ca891f2810eb8eb9adf5805b10504d5', 0),
(592, 'Unknown user', 1450118828, 1450118828, 'b6f226ab70872891042adef9c147eb1f', 0),
(593, 'Unknown user', 1450130785, 1450130785, '264739de1b30288335e7e7990c035773', 0),
(594, 'Unknown user', 1450139561, 1450139561, 'abf1f55c3a84b97a111a79be032f74e0', 0),
(595, 'Unknown user', 1450151878, 1450151878, 'a88f61ff1cded101d2bcf90438434927', 0),
(596, 'Unknown user', 1450152074, 1450152074, '665c3a94f049bd0298ce4fa619892e1a', 0),
(597, 'Unknown user', 1450152085, 1450152085, '82261aa5a5ebe5ce2e86e4781e7822d7', 0),
(598, 'Unknown user', 1450152100, 1450152100, '46fef5497f0306a1bd758a2b82a459d7', 0),
(599, 'Unknown user', 1450152114, 1450152114, '86833a1b37490bd8e661890e5e86da66', 0),
(600, 'Unknown user', 1450152129, 1450152129, '80bcd5345816c054e7ec9cbef1ccbca3', 0),
(601, 'Unknown user', 1450159854, 1450159854, '4f68b66dd2786143d2e7c8ebb12106fd', 0),
(602, 'Unknown user', 1450184482, 1450184482, '2653235c669d23adbabef29841addf93', 0),
(603, 'Unknown user', 1450190079, 1450190079, 'efc90e75534c9b8c9b35e11240de103f', 0),
(604, 'Unknown user', 1450199008, 1450199008, 'ea5925cbb84cae9fe808a8f58e331135', 0),
(605, 'Unknown user', 1450236962, 1450236962, '1f7a58c42249ef3d9b34913659ae96c7', 0),
(606, 'Unknown user', 1450252032, 1450252032, '33d07996efd25a5381216991d9d1a2cc', 0),
(607, 'Unknown user', 1450267297, 1450267297, '232540e6bbb852a05d874b33bd645f98', 0),
(608, 'Unknown user', 1450284760, 1450284760, '18112e244487c318263775fa2f70c06f', 0),
(609, 'Unknown user', 1450305313, 1450305313, '47c74a9f90a7c75b87eec868172bf181', 0),
(610, 'Unknown user', 1450315795, 1450315795, 'dd0cc8ccb81d7cd408cd2cd824a1e8aa', 0),
(611, 'Unknown user', 1450321008, 1450321008, '46c868d49afc3bffe8c47cadf5079d08', 0),
(612, 'Unknown user', 1450331470, 1450331470, '17a7e6d78b9d7487bd3df248cf64e0a5', 0),
(613, 'Unknown user', 1450342181, 1450342181, '2676ab78100c2d8fe9fb2a839916798d', 0),
(614, 'Unknown user', 1450353728, 1450353728, 'dddaa30322a374669305de68c199d997', 0),
(615, 'Unknown user', 1450360338, 1450360338, '5e347812eb8abd5bd15b4a8837c0bdf6', 0),
(616, 'Unknown user', 1450369669, 1450369669, '2b6544850fadb483801c7ecab05f1318', 0),
(617, 'Unknown user', 1450378432, 1450378432, 'c52adf5debb8a8041c71be5a87204f26', 0),
(618, 'Unknown user', 1450401843, 1450401843, 'a715f5d47b341ad3cf1487952380cbb1', 0),
(619, 'Unknown user', 1450412148, 1450412148, 'fc6d4680eae52177a6597c9ae9c25d9b', 0),
(620, 'Unknown user', 1450444382, 1450444382, '2f32f06a769619cf69c967edaefbcf27', 0),
(621, 'Unknown user', 1450449850, 1450449850, '3ae80ff5af438e44852e752e73eea4b6', 0),
(622, 'Unknown user', 1450460831, 1450460831, '61c8b911bed4c3f05eefbc9732c6f0a7', 0),
(623, 'Unknown user', 1450474293, 1450474293, '2af71e47c97b4b8ed122d2d66637dea6', 0),
(624, 'Unknown user', 1450481308, 1450481308, '12cc247ab52524c70566f07033320273', 0),
(625, 'Unknown user', 1450493433, 1450493433, '2a293661cacd982c7d7881e0357f1f4d', 0),
(626, 'Unknown user', 1450501040, 1450501040, 'f40942612f9bf83d879439c6cd9f80d0', 0),
(627, 'Unknown user', 1450504326, 1450504326, 'df9500db766ba5a2eccce14a1ca9f5d4', 0),
(628, 'Unknown user', 1450514991, 1450514991, '3e9822611245df568b50411eabd03b07', 0),
(629, 'Unknown user', 1450525667, 1450525667, '077a807bda3e220cb4d90b60a05c7545', 0),
(630, 'Unknown user', 1450532084, 1450532084, 'bc07725c601c89d9fc7c5de6da381b56', 0),
(631, 'Unknown user', 1450535263, 1450535263, '328bb6b4917ce3226b41ff861b86718a', 0),
(632, 'Unknown user', 1450549669, 1450549669, '048c69038e8434a47e5b6da79d54cbf3', 0),
(633, 'Unknown user', 1450567222, 1450567222, '54f510e3288ea01d3a88ae45e33037d3', 0),
(634, 'Unknown user', 1450579962, 1450579962, '6a2a29fe4d102f5124f7cd71569b58b1', 0),
(635, 'Unknown user', 1450590565, 1450590565, '9c3cbf2b3035f9aa7580c8cd010d949e', 0),
(636, 'Unknown user', 1450601801, 1450601801, '26ea3d8223f9072812cef7cfe48e3e17', 0),
(637, 'Unknown user', 1450619202, 1450619202, '14d9275bd3fef390faa713e15fff9a16', 0),
(638, 'Unknown user', 1450630395, 1450630395, '7776962f4918ff62a6828b9bb62d38c5', 0),
(639, 'Unknown user', 1450640135, 1450640135, '5a2943b7b77fbdf07719ae5177492ae1', 0),
(640, 'Unknown user', 1450649074, 1450649074, 'a8e1130ab96c139afb1b13edb4edb0e6', 0),
(641, 'Unknown user', 1450658619, 1450658619, 'ff186ceb0686de60aac5b8f733542e29', 0),
(642, 'Unknown user', 1450670875, 1450670875, 'd079a043d5839b9bec4326e6df9775d5', 0),
(643, 'Unknown user', 1450682039, 1450682039, 'cf37a001fa7a372d70bc6044004f549e', 0),
(644, 'Unknown user', 1450686000, 1450686000, '97437ae46bb76b7a18c5ab5310a62bc0', 0),
(645, 'Unknown user', 1450689688, 1450689688, 'd82bee848b1a619ecb94909c6643a226', 0),
(646, 'Unknown user', 1450694050, 1450694050, '53165b10ad3eae139cd5cafa0f9fd993', 0),
(647, 'Unknown user', 1450704457, 1450704457, 'd654df1c0d515ef249491320065063c7', 0),
(648, 'Unknown user', 1450718703, 1450718703, 'f88bdcc81a89f77970a9c6b2fff242bd', 0),
(649, 'Unknown user', 1450730877, 1450730877, '705367cd91bde7ba8a22ce6d43c1e5cb', 0),
(650, 'Unknown user', 1450740743, 1450740743, 'e49d8cd97926d906e37bea5d6bab1c45', 0),
(651, 'Unknown user', 1450753808, 1450753808, 'babb474a1f515e2168fdc21f8d249c93', 0),
(652, 'Unknown user', 1450753866, 1450753866, '9d438c7be7842ebaf2d183631aa622d9', 0),
(653, 'Unknown user', 1450753878, 1450753878, '28da2250f9d9f942b4254d1c6f323946', 0);
INSERT INTO `visitor` (`visitor_id`, `name`, `first_time`, `last_time`, `session_id`, `status`) VALUES
(654, 'Unknown user', 1450753894, 1450753894, '4fe4ece25f7adcca3b5b7211e7d37eeb', 0),
(655, 'Unknown user', 1450753910, 1450753910, 'c7b7ace8d1162e449c7f79f3ce04cc69', 0),
(656, 'Unknown user', 1450757839, 1450757839, '1d189e26c01c159db1679e02ad3d206e', 0),
(657, 'Unknown user', 1450763218, 1450763218, '9e55bef38b7b18b3a78e46d0ac7c866c', 0),
(658, 'Unknown user', 1450767865, 1450767865, 'd1d921f6f549dc5980f5d5a571629646', 0),
(659, 'Unknown user', 1450776301, 1450776301, '3e9a582b91bed9abd17013f9b42eb764', 0),
(660, 'Unknown user', 1450786801, 1450786801, 'eb1aec43cfc857708b6d16e5f9fcdca8', 0),
(661, 'Unknown user', 1450790277, 1450790277, '31b9fe3d36d9df7b5eb7d91091afd851', 0),
(662, 'Unknown user', 1450790564, 1450790564, '04ec8bf5022dc12c58b0c94b5274b1ff', 0),
(663, 'Unknown user', 1450797211, 1450797211, 'c1c66ff5ebdbcd7e5e47baa1df3d6ef8', 0),
(664, 'Unknown user', 1450808563, 1450808563, '58e0e75ce3a4ac9ca79514ae4606b391', 0),
(665, 'Unknown user', 1450813856, 1450813856, '6d8fb76f0cacd342825407639add0572', 0),
(666, 'Unknown user', 1450824499, 1450824499, '90c8b296ddd8b039e0a8e1d6d4383114', 0),
(667, 'Unknown user', 1450833446, 1450833446, '216cc92d6b437f14c38b32459ebaf807', 0),
(668, 'Unknown user', 1450842977, 1450842977, '0ed20c66db95544b89bbba1d1bc9633c', 0),
(669, 'Unknown user', 1450849415, 1450849415, '970b06f37261a0c22ec1376a8b1c8e14', 0),
(670, 'Unknown user', 1450860414, 1450860414, 'd3afb93f16c64377814a728b8801dc24', 0),
(671, 'Unknown user', 1450871097, 1450871097, '38044c2fe1a2795735b569ac05465daa', 0),
(672, 'Unknown user', 1450880665, 1450880665, '01a967f92a77f2dca776e44ab1b5b414', 0),
(673, 'Unknown user', 1450880787, 1450880787, 'a1db0f83eb40ca7935c7e5ffa81678d1', 0),
(674, 'Unknown user', 1450880790, 1450880790, '735903c93b005c8b459d348ee1a51f10', 0),
(675, 'Unknown user', 1450880794, 1450880794, 'a5589622fa86716a7e52a810b10b2ba3', 0),
(676, 'Unknown user', 1450880802, 1450880802, 'b47ce439194c3594217beb9eddb8fb10', 0),
(677, 'Unknown user', 1450882774, 1450882774, 'a62c8e4a0194b643f15130fa501a1f1a', 0),
(678, 'Unknown user', 1450891019, 1450891019, 'b9e489f66b26e579bfe98b024f981486', 0),
(679, 'Unknown user', 1450901589, 1450901589, 'dd63be324b5a1528830775562129623d', 0),
(680, 'Unknown user', 1450902614, 1450902614, 'bb308e887ebdde8cc58e78dd9bf13b2f', 0),
(681, 'Unknown user', 1450912238, 1450912238, '96ba9dd5e2902e991006fe8f9053d4a8', 0),
(682, 'Unknown user', 1450921598, 1450921598, 'f56cf842be9f0b33c02483f104cd33a4', 0),
(683, 'Unknown user', 1450934051, 1450934051, '8ec20536fc4fd4d1f0dee111aaff9de6', 0),
(684, 'Unknown user', 1450943086, 1450943086, '7252366c833c8a6b1f10d4a36d8e9de7', 0),
(685, 'Unknown user', 1450952575, 1450952575, '1326b6b4fa95f1e1f678173bf818983c', 0),
(686, 'Unknown user', 1450962825, 1450962825, 'b6e9b60b285633981fdc2e3e4fc7e155', 0),
(687, 'Unknown user', 1450971318, 1450971318, '9149d1771f34541764c3cee6f7d23494', 0),
(688, 'Unknown user', 1450972081, 1450972081, 'e3d6475ff8ceccb05027399ce57b5b64', 0),
(689, 'Unknown user', 1450982604, 1450982604, '8e71e67339da688e919f9b16d4124868', 0),
(690, 'Unknown user', 1450993004, 1450993004, 'b7980f5bf28d8fb0a8a964edcd6d835b', 0),
(691, 'Unknown user', 1450999613, 1450999613, '18a51eac7522975ec6098aebb9aca4b5', 0),
(692, 'Unknown user', 1451004120, 1451004120, '3eaecf5713482a44b402dec6fc5c2f18', 0),
(693, 'Unknown user', 1451013699, 1451013699, '27160426ebff543a908e7be5da16e45e', 0),
(694, 'Unknown user', 1451022436, 1451022436, '14dca167389a3f3905325c6a306b223f', 0),
(695, 'Unknown user', 1451034704, 1451034704, '69191146da6fecae3f56917b7c4a644e', 0),
(696, 'Unknown user', 1451044963, 1451044963, '3af90e636bf256a9e35a479a6cbd5f5a', 0),
(697, 'Unknown user', 1451054699, 1451054699, '6d4881e8f19295b8b20c3e05c8401b4f', 0),
(698, 'Unknown user', 1451067762, 1451067762, 'e849df3f2f320a8f6c80f4fd791da762', 0),
(699, 'Unknown user', 1451074015, 1451074015, '7f8ee17bddeb60e57d17ccb4b7d99f08', 0),
(700, 'Unknown user', 1451078408, 1451078408, '04d943e098692b8288755ce0c60b4337', 0),
(701, 'Unknown user', 1451080713, 1451080713, '9087968061d0bdfc4d7711e8eb279c55', 0),
(702, 'Unknown user', 1451082949, 1451082949, '01fe98356d00b9bef2749733425c8ea3', 0),
(703, 'Unknown user', 1451084621, 1451084621, '5a4e52a80d447ad5da3e7a5624840df3', 0),
(704, 'Unknown user', 1451096175, 1451096175, '1171a0a77950fa34c867e95a4415de59', 0),
(705, 'Unknown user', 1451104933, 1451104933, 'cf4bec14c9640aca0b0442bc8983f4aa', 0),
(706, 'Unknown user', 1451110842, 1451110842, 'a2a2bb5b4b1aefd83fd138cb9e477aad', 0),
(707, 'Unknown user', 1451110847, 1451110847, 'ae1cc4d7492f9bcb61a1236aad6e7bd8', 0),
(708, 'Unknown user', 1451112782, 1451112782, 'bad2821a86024e3e01c5ba5c89267f68', 0),
(709, 'Unknown user', 1451112997, 1451112997, '6ac02aec140526521cecac5b39b185bb', 0),
(710, 'Unknown user', 1451122806, 1451122806, 'b6070a512e0d4a3ce2649a66eb59a7f9', 0),
(711, 'Unknown user', 1451135054, 1451135054, 'fc37efd5c8fac8137d1f98f7a901eb60', 0),
(712, 'Unknown user', 1451146327, 1451146327, '54e1498828f4a72f190bddb295c882bb', 0),
(713, 'Unknown user', 1451156819, 1451156819, '8542036d967712462ae337e665e1d221', 0),
(714, 'Unknown user', 1451168566, 1451168566, 'daae5db260e3f50ac4caef211b202e03', 0),
(715, 'Unknown user', 1451170703, 1451170703, 'e92c8d36cb00ffe38a35108307d1d0ba', 0),
(716, 'Unknown user', 1451177935, 1451177935, 'd4283757c986a2ffbb665f040c20b984', 0),
(717, 'Unknown user', 1451185259, 1451185259, '22f1da492f5620c115370ce2093e1851', 0),
(718, 'Unknown user', 1451185561, 1451185561, 'fc2832285f7967803f339c9de0bde77c', 0),
(719, 'Unknown user', 1451185573, 1451185573, 'dbad8dd2a37a0722998fb6f7a4ae683a', 0),
(720, 'Unknown user', 1451185586, 1451185586, '4f94972bbce490fbd274f2458862bbf6', 0),
(721, 'Unknown user', 1451185600, 1451185600, '6426f3e487ab1c4b19d0111ffb06d887', 0),
(722, 'Unknown user', 1451185613, 1451185613, '39a6fcfcd3984dbb72752c1c4450023b', 0),
(723, 'Unknown user', 1451198047, 1451198047, 'd226e5bba87135bc087be29234d7e3f0', 0),
(724, 'Unknown user', 1451205083, 1451205083, '648febdcb0998995373cd1fd9727f8eb', 0),
(725, 'Unknown user', 1451206923, 1451206923, 'dd2091457869a5ac7a38de2f78e662d9', 0),
(726, 'Unknown user', 1451214811, 1451214811, '27c14e6f669a422b2fa548bf31a007f9', 0),
(727, 'Unknown user', 1451225971, 1451225971, 'f91cd800f111e04864f9fcb5dedf898a', 0),
(728, 'Unknown user', 1451229193, 1451229193, '8a4a0859a34fd54382dc3d41bd7d29be', 0),
(729, 'Unknown user', 1451235710, 1451235710, 'b6bd95c8a7965e0a6f8564c1e732f2a8', 0),
(730, 'Unknown user', 1451243922, 1451243922, 'd6660458c212dce9fe4522e1050bceec', 0),
(731, 'Unknown user', 1451247412, 1451247412, 'acd7c996b62ea664dcf591395e7e77c3', 0),
(732, 'Unknown user', 1451258507, 1451258507, 'be1c981cab681c87a8f7af6f4d867dbe', 0),
(733, 'Unknown user', 1451270529, 1451270529, 'b316a6bea86dc63e3f9934ffe2b601cf', 0),
(734, 'Unknown user', 1451282051, 1451282051, 'ab3053225273376c658bef7730791b98', 0),
(735, 'Unknown user', 1451284666, 1451284666, 'fab4dade18b7da9f58e17d89a4cbd06d', 0),
(736, 'Unknown user', 1451284671, 1451284671, 'ad31b66e335ab039d783ae9afde638c9', 0),
(737, 'Unknown user', 1451294439, 1451294439, 'a44c6a19abefe9d4a6e32881d51457ac', 0),
(738, 'Unknown user', 1451299624, 1451299624, '6cce85556926919b4b5a23103069a22e', 0),
(739, 'Unknown user', 1451305426, 1451305426, '55e227cc85cce14252362ec196eeb884', 0),
(740, 'Unknown user', 1451308881, 1451308881, 'd861af64c94c84aca3dc80521360a601', 0),
(741, 'Unknown user', 1451308886, 1451308886, '92897f88f15b0371468149ecc8d5208d', 0),
(742, 'Unknown user', 1451317849, 1451317849, '065fdceae976f88760e41d14278a7bde', 0),
(743, 'Unknown user', 1451327604, 1451327604, '87ecc842285d02d2ad66ec3ddafc40cb', 0),
(744, 'Unknown user', 1451331926, 1451331926, '830d76e33bf5aa763b5e5ee472bb8104', 0),
(745, 'Unknown user', 1451339668, 1451339668, 'ba20980716bd5e0eff6fa519e4c38286', 0),
(746, 'Unknown user', 1451350486, 1451350486, 'c6d15a8d4c8ac964cb2f5cc364c9afd5', 0),
(747, 'Unknown user', 1451364889, 1451364889, 'a6bf2e4e8bdf844f8d46bc15e86f3904', 0),
(748, 'Unknown user', 1451374123, 1451374123, 'ab91e428bbadebed6636bfa890b85c69', 0),
(749, 'Unknown user', 1451374208, 1451374208, '6499b8dc49c886cd2fc976ea7ba855e5', 0),
(750, 'Unknown user', 1451383492, 1451383492, 'a389d446591c02d0e64525a98e4748cf', 0),
(751, 'Unknown user', 1451393252, 1451393252, '065d46372258dbb2f67b978500477893', 0),
(752, 'Unknown user', 1451404484, 1451404484, 'bb7188722f690850cd5e1e98d6599a42', 0),
(753, 'Unknown user', 1451416186, 1451416186, 'e5b85d6b212957bde3e7a37e527bed02', 0),
(754, 'Unknown user', 1451426208, 1451426208, '39073b3507c20b286e651e01d97f820e', 0),
(755, 'Unknown user', 1451426695, 1451426695, '68a567d3caae561e0c5d469ed1dd51a9', 0),
(756, 'Unknown user', 1451426760, 1451426760, 'd7d88182ea0f883a012ef4b0c1ffe5ef', 0),
(757, 'Unknown user', 1451429967, 1451429967, '10d5788dea7dbdf84160a9fa379b88e3', 0),
(758, 'Unknown user', 1451433384, 1451433384, '6b631eda50c2c2285a3e7dfb626c6c0e', 0),
(759, 'Unknown user', 1451434676, 1451434676, 'c59b35f2df93a150c4fc5531b762756c', 0),
(760, 'Unknown user', 1451439373, 1451439373, '3b1ae21b9e14cd01b8d0f8046df8b79d', 0),
(761, 'Unknown user', 1451451357, 1451451357, '07f57d59cc93ace3a85c7cd4899b3b03', 0),
(762, 'Unknown user', 1451463227, 1451463227, 'a579da0465c4f671ca6faf5272b76be0', 0),
(763, 'Unknown user', 1451468090, 1451468090, 'bd3185f6c2c7be2260a5295821b046d6', 0),
(764, 'Unknown user', 1451476753, 1451476753, 'e8c38e387ff483e09e206701f2158226', 0),
(765, 'Unknown user', 1451482826, 1451482826, 'fb624103e020a2a850f8796900b0ce52', 0),
(766, 'Unknown user', 1451482830, 1451482830, '25f3c16834014559ba3257d071d54924', 0),
(767, 'Unknown user', 1451487069, 1451487069, '1546bc131bbe55f9b031a7a0dd9cdf52', 0),
(768, 'Unknown user', 1451499342, 1451499342, '31f33d69f664cc09a4e77792cf05afb5', 0),
(769, 'Unknown user', 1451506456, 1451506456, '1fb3ce32c17dee255381874ce8c90ace', 0),
(770, 'Unknown user', 1451506547, 1451506547, '8429444372335bc56657b059bc5dfae8', 0),
(771, 'Unknown user', 1451510112, 1451510112, '737f0aee988a00ff12ec23b5b5f3650e', 0),
(772, 'Unknown user', 1451521494, 1451521494, 'f7410c0ad6d96285c4d1cb1dc7f2419b', 0),
(773, 'Unknown user', 1451530048, 1451530048, '082a7a6e63ece2c33b1d3dbebe897ad7', 0),
(774, 'Unknown user', 1451533398, 1451533398, '2915f11fd76d787d4f7dfe6c65166714', 0),
(775, 'Unknown user', 1451541971, 1451541971, '9da0bd0580b5c255172de8f556295a0e', 0),
(776, 'Unknown user', 1451549930, 1451549930, '2bd41b3206fd6d5a278d036ab9cc483a', 0),
(777, 'Unknown user', 1451559242, 1451559242, '65ca5bf1c20fdba4ef601ecaa9592f3f', 0),
(778, 'Unknown user', 1451562446, 1451562446, 'b9c6024d04cb9aa2fce768dc920b3f47', 0),
(779, 'Unknown user', 1451571744, 1451571744, '4e44b088a33aafc89fce4a0f1334f1ce', 0),
(780, 'Unknown user', 1451576749, 1451576749, 'd879819710b2ec48f5ab568f26c8848d', 0),
(781, 'Unknown user', 1451582083, 1451582083, 'b2e2fa1f6c7dfdc8d08bc83dbb06c090', 0),
(782, 'Unknown user', 1451591764, 1451591764, 'a575d50c6f29c88e9188e1d7a541b71c', 0),
(783, 'Unknown user', 1451598345, 1451598345, 'edfd330844725e78111acedf5f58ba16', 0),
(784, 'Unknown user', 1451609541, 1451609541, '77d917eba88feca10210ac119ecb279a', 0),
(785, 'Unknown user', 1451621031, 1451621031, '91dbf6af1af046535ccf46b64c936aa6', 0),
(786, 'Unknown user', 1451621256, 1451621256, '025aef3fcdffff9aab72a03f123ae875', 0),
(787, 'Unknown user', 1451633854, 1451633854, 'd4de71fbc2c4bc5801b28428dd522704', 0),
(788, 'Unknown user', 1451644155, 1451644155, '8070d6c2b945fcf4777e5a216b88f215', 0),
(789, 'Unknown user', 1451644159, 1451644159, 'e4260db97d691d114bfcbd01def7a2a0', 0),
(790, 'Unknown user', 1451647328, 1451647328, '556fd4f521660e8e9f4309787e670887', 0),
(791, 'Unknown user', 1451659283, 1451659283, 'e6a32882e500d2624f187f1278b9bda3', 0),
(792, 'Unknown user', 1451669075, 1451669075, 'e780cb159c2ccf118a20aecba1d0a380', 0),
(793, 'Unknown user', 1451680931, 1451680931, '5e5875c107d43e137db650e0e52bab3a', 0),
(794, 'Unknown user', 1451691160, 1451691160, '0b1c517db1ee9edc09074858f4f6ea97', 0),
(795, 'Unknown user', 1451697055, 1451697055, '396eb420978e2c65ea2c06705ace0689', 0),
(796, 'Unknown user', 1451712059, 1451712059, '2cc45a42aab544c74b567140a66aa7b9', 0),
(797, 'Unknown user', 1451722982, 1451722982, 'f1082bfcddf5289cc18918763927d34c', 0),
(798, 'Unknown user', 1451735325, 1451735325, '8ed2dfdb76d69d148c1e4ff6239832ec', 0),
(799, 'Unknown user', 1451746305, 1451746305, 'cb79c4c5c225ad49ebd0bbca0778c2cb', 0),
(800, 'Unknown user', 1451755038, 1451755038, 'd5d138aa88730c6c7cd815c6a4398928', 0),
(801, 'Unknown user', 1451757311, 1451757311, '3996f0b264ba5d36e949874bbb920fb2', 0),
(802, 'Unknown user', 1451762241, 1451762241, '5554588e65c78eccf4d486e793e523a1', 0),
(803, 'Unknown user', 1451765645, 1451765645, '065a82bcac5ed0313ae7e44c3f584317', 0),
(804, 'Unknown user', 1451774603, 1451774603, '96c4ab2ebc88312f450b16f528cec0e0', 0),
(805, 'Unknown user', 1451778610, 1451778610, '9ea1c80f96c9bb669d99820fcca794bc', 0),
(806, 'Unknown user', 1451783652, 1451783652, 'e78766404576605816a7dfffcddae9d8', 0),
(807, 'Unknown user', 1451797745, 1451797745, '108c408b750e2a9fdd4e7657d7d5dc9a', 0),
(808, 'Unknown user', 1451806806, 1451806806, 'f4b4aac7bcdca5d922172d653cd81b52', 0),
(809, 'Unknown user', 1451815385, 1451815385, '3ad96ea92fd808430670d852bf3dccf1', 0),
(810, 'Unknown user', 1451821884, 1451821884, '157efcd035005ca572b603b1aa665723', 0),
(811, 'Unknown user', 1451832330, 1451832330, '67981c67cc10a897839d59784263a3f3', 0),
(812, 'Unknown user', 1451842357, 1451842357, '862c64fd7159cdab40418d5d8455415c', 0),
(813, 'Unknown user', 1451843941, 1451843941, 'c82c475767a8421b116e39afa05c9acd', 0),
(814, 'Unknown user', 1451848764, 1451848764, '0c30195b0da851f2f6c04bec282f59dd', 0),
(815, 'Unknown user', 1451862748, 1451862748, '3f06c4d7147ed6899b8d3000dba55d2f', 0),
(816, 'Unknown user', 1451877215, 1451877215, '0e8143cd302f282ef749327834b885f2', 0),
(817, 'Unknown user', 1451884968, 1451884968, 'e8900fcd8e16f785fac50183caedc336', 0),
(818, 'Unknown user', 1451895540, 1451895540, '9890351276f5864501f2551702e9855e', 0),
(819, 'Unknown user', 1451905579, 1451905579, 'f261fe20e22f3ec9e810de7e390141ed', 0),
(820, 'Unknown user', 1451916875, 1451916875, 'db6482804b3b87aef5ab560654054e35', 0),
(821, 'Unknown user', 1451925992, 1451925992, '90f363c019a8d233fea2834269fcd0fd', 0),
(822, 'Unknown user', 1451935416, 1451935416, '852ab1040180b5c38ce428832b40201b', 0),
(823, 'Unknown user', 1451946396, 1451946396, 'f75bae830219af45d8f1c300b602f3eb', 0),
(824, 'Unknown user', 1451956916, 1451956916, '7878c353c4901678f0c9d0276c05cb7b', 0),
(825, 'Unknown user', 1451967648, 1451967648, '956e206a958160b1c2875d93c4a2d2ac', 0),
(826, 'Unknown user', 1451969014, 1451969014, 'f3de4b66d78b1570f6dcb59adad53d7c', 0),
(827, 'Unknown user', 1451977155, 1451977155, 'd7f72ec1e1d67a5100aea9fde2fb3888', 0),
(828, 'Unknown user', 1451985921, 1451985921, '0c5bb74f1c94d6d9ec3d4a8767fb3412', 0),
(829, 'Unknown user', 1451995544, 1451995544, 'b7e26a72f2d723577f95411b4b57b90d', 0),
(830, 'Unknown user', 1452002332, 1452002332, '61ffb8d2378752f0340f75ba5d0f7599', 0),
(831, 'Unknown user', 1452013073, 1452013073, '45132877f4f511f71360a84d308e1e5a', 0),
(832, 'Unknown user', 1452022955, 1452022955, 'dc3965de089de9f6d81e01e89f555ad6', 0),
(833, 'Unknown user', 1452034336, 1452034336, 'f0ff7372be9c7b17140cb45c201ca996', 0),
(834, 'Unknown user', 1452044784, 1452044784, '3cc7c2a0241a0af07c9e1184e586be3a', 0),
(835, 'Unknown user', 1452055480, 1452055480, '13c270a3129691f89c847ce5b00e9ee3', 0),
(836, 'Unknown user', 1452059558, 1452059558, '93b8ac21319ee5e691cb70f99b619da5', 0),
(837, 'Unknown user', 1452069638, 1452069638, '1f69982de3e8c86d88e6d6964501f718', 0),
(838, 'Unknown user', 1452084131, 1452084131, 'a12645381c02a4c6e8eac28316383ace', 0),
(839, 'Unknown user', 1452094870, 1452094870, '44a81da854e45cfd2a853252d616f5fa', 0),
(840, 'Unknown user', 1452105721, 1452105721, '790138add27cf9f0461297a1ebc55bf4', 0),
(841, 'Unknown user', 1452123379, 1452123379, '94d949b2a047e2333a97d84a57111b19', 0),
(842, 'Unknown user', 1452131230, 1452131230, '7acafc2d3300854a41a72428b33762e2', 0),
(843, 'Unknown user', 1452142238, 1452142238, '12fda609163a5193710ef13f65f55553', 0),
(844, 'Unknown user', 1452153570, 1452153570, '7b2cbe9dc1f8a3f4a15db2d1728dd375', 0),
(845, 'Unknown user', 1452165561, 1452165561, 'f75649182248152aac47131ca9304775', 0),
(846, 'Unknown user', 1452175095, 1452175095, '51202c83afe940534d92923b4ca791e3', 0),
(847, 'Unknown user', 1452178685, 1452178685, 'db8e85b01ff6b7ea610b4d921746c3ca', 0),
(848, 'Unknown user', 1452185598, 1452185598, '10ae6d92cd2b1d3ed8e9f0db31740c81', 0),
(849, 'Unknown user', 1452195851, 1452195851, '60590f6dd8e4ed76f24637e245a63b53', 0),
(850, 'Unknown user', 1452209112, 1452209112, 'df606117bff7e69184f81e02251df5c3', 0),
(851, 'Unknown user', 1452219922, 1452219922, '3722db8f1a4faa716af3dfab4a60fa82', 0),
(852, 'Unknown user', 1452231945, 1452231945, 'f0c4ec2e6c7ad1c55eea9feb26204a74', 0),
(853, 'Unknown user', 1452242869, 1452242869, '6a70b7517286bba74745a3995a1c5495', 0),
(854, 'Unknown user', 1452253585, 1452253585, 'db8970343695065a3ddc4e156a00bf51', 0),
(855, 'Unknown user', 1452257794, 1452257794, 'dee249de81ba636de059849d0fcfab15', 0),
(856, 'Unknown user', 1452259723, 1452259723, '87046fc058da70875d376b369b9dcc88', 0),
(857, 'Unknown user', 1452263490, 1452263490, '1a8df6c51120b8382e952b1e96edd075', 0),
(858, 'Unknown user', 1452273857, 1452273857, 'd99f0c94d13cd3816d9563cabada0201', 0),
(859, 'Unknown user', 1452285306, 1452285306, 'a6d0515effa00787bbaf75f1e8b08f6e', 0),
(860, 'Unknown user', 1452292614, 1452292614, 'cd9ab5809dd494dbe89728b0c9026d8a', 0),
(861, 'Unknown user', 1452306419, 1452306419, 'df85f7bd30a3706cf1dd150de19ddaf7', 0),
(862, 'Unknown user', 1452317297, 1452317297, '4dc89c403f53d9a6e18dd1f375590745', 0),
(863, 'Unknown user', 1452329280, 1452329280, '54e3c8a4d7fefa71326a067588209f2c', 0),
(864, 'Unknown user', 1452338866, 1452338866, 'db4000b1d8422d436dff9bacf3871589', 0),
(865, 'Unknown user', 1452345584, 1452345584, '4916f4a29787532978f934c68242d534', 0),
(866, 'Unknown user', 1452356656, 1452356656, '82f30bc62fdbb66456034a746e70936b', 0),
(867, 'Unknown user', 1452369465, 1452369465, '337061c3c923a0f54d150719b1128fe0', 0),
(868, 'Unknown user', 1452373161, 1452373161, 'f33c2ea48345e7c442899455e7eaf56d', 0),
(869, 'Unknown user', 1452380106, 1452380106, '7642aa5abcfb2c935d8b525af1005006', 0),
(870, 'Unknown user', 1452384192, 1452384192, '36f8e4ad05bc28437f64f86ced84d496', 0),
(871, 'Unknown user', 1452389802, 1452389802, '2ede7a28dfe10d4717cbe8211edf06b3', 0),
(872, 'Unknown user', 1452398467, 1452398467, 'f3161326ba35fe05cf032754a9c622de', 0),
(873, 'Unknown user', 1452405493, 1452405493, '124aaaec7b9959c6e19587de98b4a8fc', 0),
(874, 'Unknown user', 1452411442, 1452411442, 'f0cf7ebca4d0a719ef8a6a9c74bf72fd', 0),
(875, 'Unknown user', 1452422228, 1452422228, '07af1e228160f3475ef045b3265b3784', 0),
(876, 'Unknown user', 1452434885, 1452434885, '939d55a48a7bdcda23a858bfe8f2fc54', 0),
(877, 'Unknown user', 1452445197, 1452445197, '7f17e88db50e78025c23f37f869155f6', 0),
(878, 'Unknown user', 1452455780, 1452455780, 'a1ef396732ee3e27561c40dba338cc6f', 0),
(879, 'Unknown user', 1452464160, 1452464160, 'd8d777a65f5150133ffdff5225818f49', 0),
(880, 'Unknown user', 1452470095, 1452470095, '0232d564ae74dd34cfa2ec59ce50be60', 0),
(881, 'Unknown user', 1452480365, 1452480365, '24c960d2874a5ed04943d4f8ff847eb6', 0),
(882, 'Unknown user', 1452495453, 1452495453, '9d09079afee80f0955d51f9d83bc37ce', 0),
(883, 'Unknown user', 1452509611, 1452509611, 'ad3614b68223f18b0ffd97c31a33288e', 0),
(884, 'Unknown user', 1452519991, 1452519991, '2f023476c6ca552e48cb582bea02073d', 0),
(885, 'Unknown user', 1452530599, 1452530599, '1a8d243b9a0766866af78325c644698b', 0),
(886, 'Unknown user', 1452535172, 1452535172, '487b912e153b5d461ac585ca4ae7b771', 0),
(887, 'Unknown user', 1452542026, 1452542026, '4bf1ccf9aa18104606a2a294c0002fcc', 0),
(888, 'Unknown user', 1452546136, 1452546136, 'a4c50322197df7b37dc995a133c809ca', 0),
(889, 'Unknown user', 1452557098, 1452557098, 'b6fa7135680e95bc0b62c8ad14ad769f', 0),
(890, 'Unknown user', 1452565257, 1452565257, 'c3c98d5a2b5a238276ed0d9e89a100c5', 0),
(891, 'Unknown user', 1452567886, 1452567886, '13ca612e4a845750c5501452be586e0c', 0),
(892, 'Unknown user', 1452571073, 1452571073, 'cbb375a84b363ee14516da202ffe8182', 0),
(893, 'Unknown user', 1452580267, 1452580267, 'd8a52f215cd874b1a0c6c83413f1570f', 0),
(894, 'Unknown user', 1452589246, 1452589246, '4e28bd13cc58687f7ac5b4a58074091d', 0),
(895, 'Unknown user', 1452589316, 1452589316, '0c0a0bd12deb62163cddde264a681698', 0),
(896, 'Unknown user', 1452597905, 1452597905, 'a75122b70e1471f15636de6b85a6368c', 0),
(897, 'Unknown user', 1452601349, 1452601349, '7e9dac12208db6af93a38a63503bf110', 0),
(898, 'Unknown user', 1452610331, 1452610331, '9d805d8591e1d7d31390e9b7b737f8b0', 0),
(899, 'Unknown user', 1452616078, 1452616078, 'af68f3191e5ef211ef9abe0c7205feb6', 0),
(900, 'Unknown user', 1452617805, 1452617805, '7e26de65857fce067d80a24dcbe33051', 0),
(901, 'Unknown user', 1452630593, 1452630593, '6896f94d6eca442129f450865c343574', 0),
(902, 'Unknown user', 1452636877, 1452636877, 'a97314c477800e0326a1ab8557c54591', 0),
(903, 'Unknown user', 1452639265, 1452639265, 'a77e681b62992bbde29199946a238d5d', 0),
(904, 'Unknown user', 1452653774, 1452653774, '6edfebff6397b3900237ae4320afe736', 0),
(905, 'Unknown user', 1452653801, 1452653801, '5a6ac38de7382aba4604d3b2a1b0a354', 0),
(906, 'Unknown user', 1452666657, 1452666657, 'f68cf5462350bdc069e3256b1a019339', 0),
(907, 'Unknown user', 1452673222, 1452673222, '4d129f21705567f6ef63d54540455b98', 0),
(908, 'Unknown user', 1452686460, 1452686460, '767487d8f46cd6dc01bfed198032ab41', 0),
(909, 'Unknown user', 1452698469, 1452698469, 'bb9142fdc44d95a284fb43174687482d', 0),
(910, 'Unknown user', 1452711555, 1452711555, '1f20d7b75b866cf97559b59ee2900cee', 0),
(911, 'Unknown user', 1452722506, 1452722506, 'e9f20ebefdb0d166333ce2ece56370a9', 0),
(912, 'Unknown user', 1452722508, 1452722508, '5f3538f93b1cdcfd926b561b72be40de', 0),
(913, 'Unknown user', 1452722552, 1452722552, '94b45c7efcd6f330bffe61a89c8ad3ae', 0),
(914, 'Unknown user', 1452723625, 1452723625, 'e77b31290025b71b26ad663cda0b384e', 0),
(915, 'Unknown user', 1452752022, 1452752022, '97c6842cc36d91c0795dc5f36c053e99', 0),
(916, 'Unknown user', 1452764787, 1452764787, 'e39f2b9a98c56623fcdb8296e9d42feb', 0),
(917, 'Unknown user', 1452776011, 1452776011, '54eeb6f9c18cb7938625ce726862e89f', 0),
(918, 'Unknown user', 1452792298, 1452792298, '06d2136d851b0d3f5ccf976ceeb5636c', 0),
(919, 'Unknown user', 1452812267, 1452812267, '4d02ed805794682c7ad1f0471f78c290', 0),
(920, 'Unknown user', 1452815608, 1452815608, '3467d4745114fbfd48b98a7a3fe043e1', 0),
(921, 'Unknown user', 1452819737, 1452819737, '6f2bb09dfc9b31dbeb4e4a67b084791d', 0),
(922, 'Unknown user', 1452827637, 1452827637, '21072af9b5daf25325eb2e1fb2808afa', 0),
(923, 'Unknown user', 1452838458, 1452838458, 'dc6d2771fd5727d6a5c1b8ab0e65f4d7', 0),
(924, 'Unknown user', 1452843024, 1452843024, '0f749e6725342f9206b6d337dc81175e', 0),
(925, 'Unknown user', 1452849373, 1452849373, '3546bb82252afb08867a0f7d790ba5f9', 0),
(926, 'Unknown user', 1452849424, 1452849424, 'f2119dcc531f649edcd71bc71402a042', 0),
(927, 'Unknown user', 1452849435, 1452849435, 'f70eff110007ea509de128deb62a4d57', 0),
(928, 'Unknown user', 1452849464, 1452849464, 'd976a2129e5ca5560970d5098d1902da', 0),
(929, 'Unknown user', 1452849477, 1452849477, 'd5c47f79711ed5f57578267787156e68', 0),
(930, 'Unknown user', 1452849497, 1452849497, 'f96747986c969f6c993f3fdd325ba1c0', 0),
(931, 'Unknown user', 1452882844, 1452882844, '088537bce35859ffb8b1987bb95213fe', 0),
(932, 'Unknown user', 1452888165, 1452888165, 'a44f17f207029b9ed3b7cb378018410b', 0),
(933, 'Unknown user', 1452916054, 1452916054, '192a8c7831725238725d15ad0e495765', 0),
(934, 'Unknown user', 1452921170, 1452921170, '221de1c21d5168e3e05385868a57c299', 0),
(935, 'Unknown user', 1452922586, 1452922586, 'c926c0573c5bb4f66593a3dcbd3fa093', 0),
(936, 'Unknown user', 1452939600, 1452939600, '72eea45daadb35c63b213c4056ce169a', 0),
(937, 'Unknown user', 1452945749, 1452945749, '393502e5e8efbf3ba28a16097318d7d3', 0),
(938, 'Unknown user', 1452962365, 1452962365, 'd659c0456001d34ec7c4bb65c94f658b', 0),
(939, 'Unknown user', 1452965273, 1452965273, '72bcfbeb3881350d3d633692409061f1', 0),
(940, 'Unknown user', 1452973854, 1452973854, '350ef5ea5afa69097a0144eef41b8696', 0),
(941, 'Unknown user', 1452986815, 1452986815, '86f13dbb085ec3e74b4f26f7bf6ada5b', 0),
(942, 'Unknown user', 1453055311, 1453055311, '2b6c6c19747497bcf24de53d8f3c0c6a', 0),
(943, 'Unknown user', 1453067598, 1453067598, '7da98eea1774d97b214cac29ddebee60', 0),
(944, 'Unknown user', 1453083027, 1453083027, '0ae0637b166538e91dbb9798002dadcc', 0),
(945, 'Unknown user', 1453100679, 1453100679, 'aed3b398d4092c4acbf5b74dbef6e026', 0),
(946, 'Unknown user', 1453121439, 1453121439, '95e9a6196469cf56588c63353175d433', 0),
(947, 'Unknown user', 1453133142, 1453133142, 'e7b4d34392df3e427033d3c13765c8c1', 0),
(948, 'Unknown user', 1453152874, 1453152874, '69a9dd7bd76465a1985ec98e4d87a7a7', 0),
(949, 'Unknown user', 1453164530, 1453164530, '61432128203de1f46d90f319d8ea2d1e', 0),
(950, 'Unknown user', 1453173279, 1453173279, 'bbe5d0e4d9fa36e536e24b91e6485d8f', 0),
(951, 'Unknown user', 1453192453, 1453192453, 'fbe97cf127ddb3d65a85518b954ebe13', 0),
(952, 'Unknown user', 1453204415, 1453204415, 'a0dbadd73e5a96f1076c9d487b163e39', 0),
(953, 'Unknown user', 1453215727, 1453215727, 'bfc15f515a037579f90630543cd2ddda', 0),
(954, 'Unknown user', 1453227706, 1453227706, '79defd10cf6636d39ee73aa8f59648e4', 0),
(955, 'Unknown user', 1453236371, 1453236371, '4f51476ed44c36f4b28ea343d9a847af', 0),
(956, 'Unknown user', 1453247493, 1453247493, '59048d89a54e3362dd0dab807297e722', 0),
(957, 'Unknown user', 1453248458, 1453248458, '704bf47a20375705b759c7ba476d1490', 0),
(958, 'Unknown user', 1453260620, 1453260620, 'cabca20b949eb0f64144b07af1ce32cd', 0),
(959, 'Unknown user', 1453278162, 1453278162, '78e28337345cd688f46d6bbf7a0e0557', 0),
(960, 'Unknown user', 1453288452, 1453288452, '5b8b28a929d268f0d6ce8671230ea237', 0),
(961, 'Unknown user', 1453297884, 1453297884, '87dcfdadf4b71bc8dfdb85aad366cc4f', 0),
(962, 'Unknown user', 1453306660, 1453306660, '8aa30696b90fe99b173f22091999c6e9', 0),
(963, 'Unknown user', 1453317438, 1453317438, '702f7127f33bf07b24fa128c5495dc5c', 0),
(964, 'Unknown user', 1453329042, 1453329042, 'd0a1ae78c73fa2ba7b0635bb154d0f8e', 0),
(965, 'Unknown user', 1453329148, 1453329148, '47ce80cb01df2d902547726fc848af68', 0),
(966, 'Unknown user', 1453329155, 1453329155, 'c83b8060044041089a418e05555c02c3', 0),
(967, 'Unknown user', 1453329161, 1453329161, '4996e037f2f69974ef08aa039daab4f6', 0),
(968, 'Unknown user', 1453329168, 1453329168, 'bcea9685ec1bd490a3ed096b860a836b', 0),
(969, 'Unknown user', 1453335740, 1453335740, '28041a9c5665be2d73f8ed3b3c2bd46f', 0),
(970, 'Unknown user', 1453350551, 1453350551, '59be5e30764951e41fd4978728366b76', 0),
(971, 'Unknown user', 1453366686, 1453366686, '3261b9504cb3c253d7bff04d6ebaa362', 0),
(972, 'Unknown user', 1453366928, 1453366928, '60856021a23429f035743232dbc4b70a', 0),
(973, 'Unknown user', 1453366936, 1453366936, 'cb8a1fc10e2b9090baeb037197678c3c', 0),
(974, 'Unknown user', 1453366948, 1453366948, 'a8863c0cdba07dded906dd5c7a0b8605', 0),
(975, 'Unknown user', 1453366961, 1453366961, '154670c64b8920f8a98d5e8b06bf8d48', 0),
(976, 'Unknown user', 1453366975, 1453366975, '1f355b510a6e9e4ba13f67f2e4a84342', 0),
(977, 'Unknown user', 1453379080, 1453379080, 'd5224c70a24b4ba352690298dc946845', 0),
(978, 'Unknown user', 1453386666, 1453386666, '8c743224fc832553fd71182a546301e0', 0),
(979, 'Unknown user', 1453434858, 1453434858, '26085ab3ec82341dfd07dea10356ec05', 0),
(980, 'Unknown user', 1453442602, 1453442602, 'a7322828a963ac1f903bd2a11b19b202', 0),
(981, 'Unknown user', 1453454299, 1453454299, '03f904ab4b8bf7606d47d8400127bf49', 0),
(982, 'Unknown user', 1453465197, 1453465197, 'bf5e75f6c9dcf1cd5e7004b15de43cce', 0),
(983, 'Unknown user', 1453486844, 1453486844, '02d27141303fa9c2893e931734660985', 0),
(984, 'Unknown user', 1453497734, 1453497734, 'b38dadad2d8f16d90743089df16a9108', 0),
(985, 'Unknown user', 1453498395, 1453498395, 'f0d15fea85f0b1146f02b4a494b9c42a', 0),
(986, 'Unknown user', 1453498401, 1453498401, '7e663c95d085ef2f0b12e2ac977e76a0', 0),
(987, 'Unknown user', 1453498412, 1453498412, '6c6ffdbb3dd19ad4bd8e78f2fbf87d90', 0),
(988, 'Unknown user', 1453498427, 1453498427, '962d671994298ab744aa3a63c269fbde', 0),
(989, 'Unknown user', 1453498434, 1453498434, 'b07fcec014fa89e2ae7a774279efd0b1', 0),
(990, 'Unknown user', 1453513925, 1453513925, '29460b9c22e194155500b6e5079442be', 0),
(991, 'Unknown user', 1453527965, 1453527965, 'aa301b7b9f3865a90d7dd856b0ac60d5', 0),
(992, 'Unknown user', 1453544162, 1453544162, '8eb2bca9dfbeeaba0591ee9c5b945783', 0),
(993, 'Unknown user', 1453555969, 1453555969, 'a7ade78f42e9b3fc8040c9504fed7c89', 0),
(994, 'Unknown user', 1453570583, 1453570583, 'b3425c4a5e148cd5acbd3d65fa27678d', 0),
(995, 'Unknown user', 1453582754, 1453582754, 'fdbef1b3c72f1f542ea8b9256c5d77cd', 0),
(996, 'Unknown user', 1453607794, 1453607794, '7ba6aac1a68d1a3a29ca65a6a642699f', 0),
(997, 'Unknown user', 1453620747, 1453620747, '0a81a89cf79c8ae1f45173bae523f7ff', 0),
(998, 'Unknown user', 1453634634, 1453634634, '9fbc065c4ce6643516bf728292549f29', 0),
(999, 'Unknown user', 1453640385, 1453640385, '27f8da532e71d2e9a6fa02eafccea51d', 0),
(1000, 'Unknown user', 1453654066, 1453654066, 'd56d6ca918d354afbeca12ceb84eca79', 0),
(1001, 'Unknown user', 1453670069, 1453670069, '2df731ad47a0742868d746cadbc08936', 0),
(1002, 'Unknown user', 1453686261, 1453686261, 'e0e1c91bfec2714e8c271708c4e076ba', 0),
(1003, 'Unknown user', 1453723216, 1453723216, '5ec4e24342942d1e439ced7afdef3cf3', 0),
(1004, 'Unknown user', 1453749653, 1453749653, '79b184b926d391df510597e808d8b786', 0),
(1005, 'Unknown user', 1453766429, 1453766429, 'd027ab87ffe42335529968194de0fc9d', 0),
(1006, 'Unknown user', 1453779851, 1453779851, 'cdcc414808c64c1a99c02830ae775b01', 0),
(1007, 'Unknown user', 1453831348, 1453831348, '6cc40f6197a5d7a4e7dfbe1c64823616', 0),
(1008, 'Unknown user', 1453880202, 1453880202, '7c2f1f435d1be2fedba6218e00ed455b', 0),
(1009, 'Unknown user', 1453880227, 1453880227, '679af3f235a2f5ae4b8d73c6457ad3d1', 0),
(1010, 'Unknown user', 1453880234, 1453880234, '73ad6558fb1e4740e4b80546502a9bfc', 0),
(1011, 'Unknown user', 1453880247, 1453880247, 'dc9f47c2bd924abe242c1453f5d0d042', 0),
(1012, 'Unknown user', 1453880260, 1453880260, '176ae4269cd3c7510ce96b199e1097d7', 0),
(1013, 'Unknown user', 1453880273, 1453880273, 'f335460f08eecbe4d74d01255b35099c', 0),
(1014, 'Unknown user', 1453883982, 1453883982, 'ac36530cfed95f79835db8473171c8fa', 0),
(1015, 'Unknown user', 1453904150, 1453904150, 'a8caeca43e0150c8babd8a0535e015f0', 0),
(1016, 'Unknown user', 1453946390, 1453946390, '81a2a7868d3966608da2782e233c858b', 0),
(1017, 'Unknown user', 1454041599, 1454041599, '8ea26c2ff068fec81271b9ee9fe79e34', 0),
(1018, 'Unknown user', 1454051008, 1454051008, 'b6996f02d46af660d5f5032e3d37dc0f', 0),
(1019, 'Unknown user', 1454051010, 1454051010, 'fc5b25832cfd1628647b1fbe2dfffd8b', 0),
(1020, 'Unknown user', 1454051012, 1454051012, '3abe9ab42f4cb56c64974c4a43523094', 0),
(1021, 'Unknown user', 1454054562, 1454054562, 'ce83510146af690db4ad168aa9e0cd56', 0),
(1022, 'Unknown user', 1454059305, 1454059305, 'd597d020e842a7e0f778e64583582433', 0),
(1023, 'Unknown user', 1454063380, 1454063380, 'b78db4c7b13087acb894772a231b9e28', 0),
(1024, 'Unknown user', 1454195063, 1454195063, 'bb84fbc21b292664161d8b98293c2fbf', 0),
(1025, 'Unknown user', 1454210607, 1454210607, '9591d0183c824a6b18472a54e7916bb2', 0),
(1026, 'Unknown user', 1454222112, 1454222112, 'f447378c53cce31a974933fe58ff8b36', 0),
(1027, 'Unknown user', 1454348598, 1454348598, 'f73e445443485b145dfe089a86970699', 0),
(1028, 'Unknown user', 1454355916, 1454355916, '584609724d97839c2ececf96cb1d1030', 0),
(1029, 'Unknown user', 1454366056, 1454366056, 'fd22ae132adf7eee7a5061ffb73bac03', 0),
(1030, 'Unknown user', 1454390235, 1454390235, 'd0f8708cb02e711536b0f457280684c3', 0),
(1031, 'Unknown user', 1454405763, 1454405763, '8de70675ef54e029ea1c4c6a9d6c6a04', 0),
(1032, 'Unknown user', 1454418306, 1454418306, '01afb25e7049f5e8043617790dcd8b11', 0),
(1033, 'Unknown user', 1454429283, 1454429283, '97d22b8e7a794d57352d1f16b017dda6', 0),
(1034, 'Unknown user', 1454503378, 1454503378, 'f920649754641bd27ca036d856d688ed', 0),
(1035, 'Unknown user', 1454554318, 1454554318, 'f76aee403cdbbb84f5e94d725c129654', 0),
(1036, 'Unknown user', 1454563704, 1454563704, 'f8cb29e0a3418dd1039269020b4ee094', 0),
(1037, 'Unknown user', 1454617108, 1454617108, 'f804a11202413c364527f55de7ade211', 0),
(1038, 'Unknown user', 1454617112, 1454617112, 'ec4cc7266aaba8a9832d8f1905e6353e', 0),
(1039, 'Unknown user', 1454617117, 1454617117, '067feb2a49c7c7cbdf01fd75db02f681', 0),
(1040, 'Unknown user', 1454617142, 1454617142, 'cc444c22498e6da9ea3fd17703a24d7f', 0),
(1041, 'Unknown user', 1454617417, 1454617417, '5c6c58c5dbf85ff52a3c705dcc133d6d', 0),
(1042, 'Unknown user', 1454617424, 1454617424, '465ce1fb94e5fad39c3a6dddd486792e', 0),
(1043, 'Unknown user', 1454617432, 1454617432, '56ba0cc9e9355b21a53bb0a6dab4ca86', 0),
(1044, 'Unknown user', 1454617439, 1454617439, '8e5f51ff0c4589fe7934f603c468f2fe', 0),
(1045, 'Unknown user', 1454625440, 1454625440, 'b2b53e076df2fc9c23a043c6818f218b', 0),
(1046, 'Unknown user', 1454635928, 1454635928, '1977c1da7cd8d5a5ae1edbe0bc5f405c', 0),
(1047, 'Unknown user', 1454674935, 1454674935, 'ee3bf7bb0036498e8e93c12755daca26', 0),
(1048, 'Unknown user', 1454699915, 1454699915, '6d4d00d7787f32747c9b68532338c1c5', 0),
(1049, 'Unknown user', 1454712514, 1454712514, '032307347ba3f17fc15dce592d2e2fd8', 0),
(1050, 'Unknown user', 1454788754, 1454788754, 'fdb8b220b08260f5718fea6edad78ad6', 0),
(1051, 'Unknown user', 1454794142, 1454794142, '6dadd8f1c833853bba21dad960759455', 0),
(1052, 'Unknown user', 1454810192, 1454810192, '07d9b1ab63f8778d3cfa9980861cb69d', 0),
(1053, 'Unknown user', 1454827990, 1454827990, '0418ed92f9fe5f8aa79bbf05beb74b24', 0),
(1054, 'Unknown user', 1454838081, 1454838081, '0c124947359fcfb1a74d561d2250c6f0', 0),
(1055, 'Unknown user', 1454846405, 1454846405, '4e5163d0d9c0e4d31a36de8cc66668d9', 0),
(1056, 'Unknown user', 1454861000, 1454861000, 'd2b8ccf22f1285680eacee58a18a5042', 0),
(1057, 'Unknown user', 1454912422, 1454912422, '65514ff7f802ebefa48f5345fdf4446c', 0),
(1058, 'Unknown user', 1454912427, 1454912427, 'a419be6e4371a7c9038e5c2a6e58db1d', 0),
(1059, 'Unknown user', 1454912432, 1454912432, '45f7e7ce550b973bfd692ed9938298cd', 0),
(1060, 'Unknown user', 1454912523, 1454912523, '7699bf99873779f7eca2c391e554bef7', 0),
(1061, 'Unknown user', 1454912531, 1454912531, 'fa836ab0f559e7135a391bf5bd7a941b', 0),
(1062, 'Unknown user', 1454912540, 1454912540, '4ea694fafff674590fdf85b6abbdf4a0', 0),
(1063, 'Unknown user', 1454912549, 1454912549, '65920ffee61c26f284ae7743402efde0', 0),
(1064, 'Unknown user', 1454912557, 1454912557, '1f2dadba967d6db5fec9a0306a0bb6bc', 0),
(1065, 'Unknown user', 1454930874, 1454930874, '18420143601ce855bd2f678097405577', 0),
(1066, 'Unknown user', 1454948956, 1454948956, '3d48aaff6f420755aa66949b445f3548', 0),
(1067, 'Unknown user', 1454963068, 1454963068, '24f76eb60493cf6dd0b332be5c602cf0', 0),
(1068, 'Unknown user', 1454997957, 1454997957, 'd2a1db9348aebfe8e8e35acf78f9f759', 0),
(1069, 'Unknown user', 1455038554, 1455038554, 'dea60ac83292e161e2d062ef5eff3c2e', 0),
(1070, 'Unknown user', 1455042644, 1455042644, 'aca91fb119ba752fef86a6e3900ab8e0', 0),
(1071, 'Unknown user', 1455046041, 1455046041, '23ac33ae274f9bd3ae0d9fef12314654', 0),
(1072, 'Unknown user', 1455046045, 1455046045, 'cdce9f98e860eba54242fb8e11312d4b', 0),
(1073, 'Unknown user', 1455046050, 1455046050, 'c12938cedccd0394417f2eccfa36c310', 0),
(1074, 'Unknown user', 1455046057, 1455046057, '2a102a9693181d8d64dafd66c5019221', 0),
(1075, 'Unknown user', 1455046063, 1455046063, '2bf2ad9fded5dc86027ef626a7b7b2d1', 0),
(1076, 'Unknown user', 1455052503, 1455052503, '4e0b6913f0583f7b8ac915fd6718f7f3', 0),
(1077, 'Unknown user', 1455141956, 1455141956, '940397cb14871f37abea332033d27452', 0),
(1078, 'Unknown user', 1455231302, 1455231302, 'd82487147b71bbb9497a7bca20f5f2ba', 0),
(1079, 'Unknown user', 1455246105, 1455246105, 'dbadb36cb8d6812703e16132c2bca7dc', 0),
(1080, 'Unknown user', 1455265887, 1455265887, 'ffce2e5a6c03fe6d7cbd192790fd010c', 0),
(1081, 'Unknown user', 1455269516, 1455269516, 'a17ba843b987cbe97fb7dd9887b2dac1', 0),
(1082, 'Unknown user', 1455269517, 1455269517, '7ce84fe2726e1ede8ce7837a83578828', 0),
(1083, 'Unknown user', 1455269518, 1455269518, 'f3cc07da8a8dddeb10a1364b3abd2218', 0),
(1084, 'Unknown user', 1455269521, 1455269521, 'ffbfbc6b1c71e711d2020a13bec51a7d', 0),
(1085, 'Unknown user', 1455618408, 1455618815, '18fcc6c6d7307fcbb3e631f8072b2e7d', 0),
(1086, 'Unknown user', 1456117929, 1456117929, 'aa671e279d0ef12c04936874b320a245', 0),
(1087, 'Unknown user', 1456117947, 1456117947, '21debe668c238192b8c57fcfaa62457a', 0),
(1088, 'Unknown user', 1456154430, 1456154430, '30bc5acc0f8bc19ff957d22fb7d06a37', 0),
(1089, 'Unknown user', 1456240286, 1456242853, '302e2a9db8a0a6190d25b616960afda9', 0),
(1090, 'Unknown user', 1456240327, 1456240737, '925afc2c359c5556441de5d4c4005ec8', 0),
(1091, 'Unknown user', 1456240447, 1456240447, 'c955d326ddcca8b51cca82de1f8875cd', 0),
(1092, 'Unknown user', 1456240582, 1456240582, '924fa48cc4ac52dd609bf156c2bf28bd', 0),
(1093, 'Unknown user', 1456387453, 1456387453, '742b30b09344f92e9b32a8362ba29e62', 0),
(1094, 'Unknown user', 1456388997, 1456388997, '0f5f2bccfef4f8d4a4e2592e14140edc', 0),
(1095, 'Unknown user', 1456435961, 1456435961, '4d292843bebee4fb09a67fb0cd53ae00', 0),
(1096, 'Unknown user', 1456436784, 1456436784, '01b734403b8330540f01077e76987e36', 0),
(1097, 'Unknown user', 1456450309, 1456450309, '8431d4007d13d6b5e3ea24125d775594', 0),
(1098, 'Unknown user', 1456461170, 1456461170, '189419f98bb458af21eb865023420299', 0),
(1099, 'Unknown user', 1456461421, 1456461421, '1248ebf56c4dc855a4084120dcb42acd', 0),
(1100, 'Unknown user', 1456461422, 1456461422, '530b38e10f1c2822c0446e08569f5622', 0),
(1101, 'Unknown user', 1456461424, 1456461424, '2a746a40f1fa7bfb50d0e80927dad80e', 0),
(1102, 'Unknown user', 1456461426, 1456461426, '9a938c0d194a7403b97aea97b2da4bf3', 0),
(1103, 'Unknown user', 1456461429, 1456461429, 'af043ce67873bc55390a300b205b5006', 0),
(1104, 'Unknown user', 1456484857, 1456484857, '00e0a35f1c8d467ee3f07ebf0d6bae11', 0),
(1105, 'Unknown user', 1456529466, 1456529466, 'b5027cc1aa12cda17d8ad5280676b44f', 0),
(1106, 'Unknown user', 1456627222, 1456627222, 'c005cce7c81398e6c613cbbaa056f2d8', 0),
(1107, 'Unknown user', 1456634496, 1456634496, '647b9bc7a7f6b49c758312f4b43edf62', 0),
(1108, 'Unknown user', 1456655336, 1456655336, 'c7f5832a64da9fd02a920dee998aa3eb', 0),
(1109, 'Unknown user', 1456660231, 1456660231, '1cda0065d6da51d85e9c7ef8a1be7294', 0),
(1110, 'Unknown user', 1456670429, 1456670429, '3da4705817706b62aeae61aa1bc1ca43', 0),
(1111, 'Unknown user', 1456677905, 1456677905, '9aaf89b6995bcf8ee10457a37ad73c2d', 0),
(1112, 'Unknown user', 1456677906, 1456677906, 'b4797ec6e56089c764b4b77b7c595ebc', 0),
(1113, 'Unknown user', 1456677906, 1456677906, '9a4e09cd1ba378cd817d19f28cb641d4', 0),
(1114, 'Unknown user', 1456677921, 1456677921, 'b223e90d2a6a8e454597341bf4ee798d', 0),
(1115, 'Unknown user', 1456685958, 1456685958, 'e55297bbc71cccbac1e046bbbe055838', 0),
(1116, 'Unknown user', 1456724393, 1456724393, '3611f2b4136dca676f2f2de7846f121a', 0),
(1117, 'Unknown user', 1456725785, 1456725785, '3111f991600d9f6be53202989343a7c8', 0),
(1118, 'Unknown user', 1456754970, 1456754970, '4688cbb334b5707b6d36a69c1a28f733', 0),
(1119, 'Unknown user', 1456800930, 1456800930, '394a014056670c0eac2d92a0c4593187', 0),
(1120, 'Unknown user', 1456808373, 1456808373, '1277c88d103e51bb51084c188e31bd03', 0),
(1121, 'Unknown user', 1456867063, 1456867063, '2749755eaea5de28e56f546241a55a6b', 0),
(1122, 'Unknown user', 1456879420, 1456879420, '60718d8b6c8ca6b0746dbc4c39e7ad9a', 0),
(1123, 'Unknown user', 1456893356, 1456893356, '29bfc32f1f942f28c3bdc795aaa4a96f', 0),
(1124, 'Unknown user', 1456907886, 1456907886, 'e92f01806217089389c41df03637413a', 0),
(1125, 'Unknown user', 1456921835, 1456921835, '85a1994c63144983272bd3d4065104a6', 0),
(1126, 'Unknown user', 1456999906, 1456999906, '39859db6ad66e6f3b9e9cd007c998ae0', 0),
(1127, 'Unknown user', 1457014125, 1457014125, '6f60e04e8bbc7a5d49b720ed2c08b148', 0),
(1128, 'Unknown user', 1457095014, 1457095014, 'e76cb80747e37db0f603daea2c5f2fb2', 0),
(1129, 'Unknown user', 1457164894, 1457164894, 'c6bb038637d3ecf2c6dcdb99c48830fb', 0),
(1130, 'Unknown user', 1457292863, 1457292863, '8eafe3f954ba765d460626d09974b74e', 0),
(1131, 'Unknown user', 1457299830, 1457299830, 'e13d257a77682f978713954b109c1783', 0),
(1132, 'Unknown user', 1457312441, 1457312441, 'b29a9bb859586ce4cdfa3e36788b6aed', 0),
(1133, 'Unknown user', 1457325012, 1457325012, '21b3b291202cc37e0fa2cd59bc227d9b', 0),
(1134, 'Unknown user', 1457339063, 1457339063, '742b4d49dce67a3e1366861c68ee8603', 0),
(1135, 'Unknown user', 1457350205, 1457350205, 'c49ba55bfebdd94c2c85cef3a70e0f52', 0),
(1136, 'Unknown user', 1457501082, 1457501082, '93b54ed61b9395ade524d3e0df84e449', 0),
(1137, 'Unknown user', 1457506755, 1457506755, 'f2fee11882de07ff2ee6859f1d54c57b', 0),
(1138, 'Unknown user', 1457594539, 1457594539, '390bdac8fb98ff59bda474d6b75032ac', 0),
(1139, 'Unknown user', 1457628875, 1457628875, 'cc137bf5d9e80619f5c0ba564a64773f', 0),
(1140, 'Unknown user', 1457663795, 1457663795, '9a0c8d30e574a3a156a238aed4998873', 0),
(1141, 'Unknown user', 1457675790, 1457675790, 'fd33003c3d1ddf74bd12d8227d178c18', 0),
(1142, 'Unknown user', 1457696500, 1457696500, 'c651491db5f81b5a2629ae537f6c5ac8', 0),
(1143, 'Unknown user', 1457718405, 1457718405, 'c52a2530168f9a85db4ea7aeb0ea1919', 0),
(1144, 'Unknown user', 1457744677, 1457744677, '87679dc5a028530573f21f8ef8a0d8b3', 0),
(1145, 'Unknown user', 1457809724, 1457809724, '3a1e2d16c35497cf60b6883a95ce6e63', 0),
(1146, 'Unknown user', 1457825588, 1457825588, 'ea2a6c6f77b88eb89d8fe360fb155bad', 0),
(1147, 'Unknown user', 1457828738, 1457828738, '8348b9b9ec03900e58116704aa80c810', 0),
(1148, 'Unknown user', 1458003404, 1458003404, '9556b6893f8f0741857c42981bd7a03f', 0),
(1149, 'Unknown user', 1458084905, 1458084905, 'edf08adb671130ceb97dc5ff3d5cc26e', 0),
(1150, 'Unknown user', 1458199652, 1458199652, '402eee0a271f4c2f64693cfb6cfe5eaf', 0),
(1151, 'Unknown user', 1458207165, 1458207165, '7ea535404a699e98527c9b546635e164', 0),
(1152, 'Unknown user', 1458220398, 1458220398, '687cde44bb3b164442f17adb41a145a5', 0),
(1153, 'Unknown user', 1458232095, 1458232095, '3068cc2865604c82bdb6ceb1eb9bc7c8', 0),
(1154, 'Unknown user', 1458389592, 1458389592, '7e3729448e684ced4ab80e740c441e8f', 0),
(1155, 'Unknown user', 1458430416, 1458430416, '9a1a43115d388e7cb8ad25d8b32e0fe2', 0),
(1156, 'Unknown user', 1458500134, 1458500134, '15f91d1570c46d40a5134c90d7fc77bf', 0),
(1157, 'Unknown user', 1458501649, 1458501649, 'b0c9c62bf92ad4d68ab6b5e7d7e5a5b3', 0),
(1158, 'Unknown user', 1458501858, 1458501858, 'fe44b18b8248dd49ccc2c4d2424ae0a9', 0),
(1159, 'Unknown user', 1458502393, 1458502393, 'c878f1eee37791940daa5f3b4c9bbadc', 0),
(1160, 'Unknown user', 1458502727, 1458502727, 'ba4077effe199d1e423b5e3071d4f9d7', 0),
(1161, 'Unknown user', 1458504642, 1458504642, '01b861f42b41acc063d7449faf2c07b9', 0),
(1162, 'Unknown user', 1458505806, 1458505806, '0ff7f917580d9f7f2106afded1f4a557', 0),
(1163, 'Unknown user', 1458505976, 1458505976, 'b0121318c2674d17702fc3d6b315e01d', 0),
(1164, 'Unknown user', 1458548948, 1458548948, '17a6cdaaf589367c6a7ddb3c202a3581', 0),
(1165, 'Unknown user', 1458549029, 1458549029, '2af984ea1390ccef45e3a765f9c73bcd', 0),
(1166, 'Unknown user', 1458549431, 1458549431, '31726768b673a88a4e33040bf740a948', 0),
(1167, 'Unknown user', 1458549564, 1458549564, 'b9b313dd85abbd284533e1380d2702ca', 0),
(1168, 'Unknown user', 1458563163, 1458563163, '8bc6e28f2dbf51558e0faca2069e7fb9', 0),
(1169, 'Unknown user', 1458579056, 1458579056, '4895505a7d67d7df268c661f91dbd3c1', 0),
(1170, 'Unknown user', 1458593228, 1458593228, 'e3f6728bbcf3bb7bdd8d5cddd0a01721', 0),
(1171, 'Unknown user', 1458604390, 1458604390, 'a2bc8204b969bdd853843d23a2aa442c', 0),
(1172, 'Unknown user', 1458742502, 1458742502, 'e682f3798e85d913e0a622e99a87484d', 0),
(1173, 'Unknown user', 1458743211, 1458743211, 'd32f49a68c89059785981f4de189c50b', 0),
(1174, 'Unknown user', 1458745442, 1458745442, 'a98bec744eba2c72af873d3ce054c11f', 0),
(1175, 'Unknown user', 1458749639, 1458749639, 'f8695ff6a9123f54f5d3ef97a25a39d0', 0),
(1176, 'Unknown user', 1458750083, 1458750083, '0b83d00db3a18cab0c087f1e284b03f1', 0),
(1177, 'Unknown user', 1458751909, 1458751909, '801c5f7a34c4566776a32bb83caf087f', 0),
(1178, 'Unknown user', 1458752629, 1458752629, '324a41c11e08e937e69227a30a9bc6ae', 0),
(1179, 'Unknown user', 1458753619, 1458753619, 'b42f8f2ad8e4e012e7b90f43a53bb40f', 0),
(1180, 'Unknown user', 1458754735, 1458754735, 'abbc35fe1f5849f1aae5f36408e31f94', 0),
(1181, 'Unknown user', 1458756839, 1458756839, '4883f2a48b540270422825f2ad91c4fe', 0),
(1182, 'Unknown user', 1458757008, 1458757008, 'd86eeac3e7eddb2c01698f03e4e020ef', 0),
(1183, 'Unknown user', 1458758783, 1458758783, 'de58034846d01e0693bc9c644fa0e5e0', 0),
(1184, 'Unknown user', 1458759131, 1458759131, '3edd32ef2c5bec9392da95821fa1f7b2', 0),
(1185, 'Unknown user', 1458759680, 1458759680, '3f19fe7ae1136c042aaabf1864953a47', 0),
(1186, 'Unknown user', 1458759734, 1458759734, 'b147d84635b9ab0fe5e344c005baad72', 0),
(1187, 'Unknown user', 1458762061, 1458762061, '2e582b9326dbcdfdf7e0f225e0174f1c', 0),
(1188, 'Unknown user', 1458763382, 1458763382, '3883b256d13a8d733672e3591881bf3d', 0),
(1189, 'Unknown user', 1458793925, 1458793925, '9aa30d4740c0df73f4d10fe4ee49a66b', 0),
(1190, 'Unknown user', 1458841145, 1458841145, 'b43fa95aff5ec582d3ff5380fde03fef', 0),
(1191, 'Unknown user', 1458909786, 1458909786, 'fd2ef70fb48e61de141eec7af0226adb', 0),
(1192, 'Unknown user', 1458980157, 1458980157, '7b437acaa573976a08739890fc67b060', 0),
(1193, 'Unknown user', 1458991173, 1458991173, '11633722d5248ef0b9b935f8a69c568b', 0),
(1194, 'Unknown user', 1459047299, 1459047299, '21c544acdc3b4403313a9cc5c7c731a5', 0),
(1195, 'Unknown user', 1459047356, 1459047356, '8e215a0ec718dc2c70066b65fa150b06', 0),
(1196, 'Unknown user', 1459130676, 1459130676, '303adfef268132560178b76c6798c965', 0),
(1197, 'Unknown user', 1459212036, 1459212036, '5657b8ed8999572b47b7c89b62c1d275', 0),
(1198, 'Unknown user', 1459251317, 1459251317, '12d8867282792eb7b994d8a6e2c6d600', 0),
(1199, 'Unknown user', 1459254656, 1459254656, 'ca48cceabcff3d19fe168b289328d5e8', 0),
(1200, 'Unknown user', 1459286710, 1459286710, '862aafe86a6fcd337198000113902408', 0),
(1201, 'Unknown user', 1459303538, 1459303538, '2ca7be035ec82b7384bf5e0cc926b9de', 0),
(1202, 'Unknown user', 1459353491, 1459353491, '5e1577632256e4fc03602cc8df872d4f', 0),
(1203, 'Unknown user', 1459510481, 1459510481, 'caa8e663f0855350788e61ae19c34e10', 0),
(1204, 'Unknown user', 1459575384, 1459575384, 'a950d5cda62d034f4a7f6485c9b5988c', 0),
(1205, 'Unknown user', 1459619247, 1459619247, '86b42e6bf66f388fa20c11f99d4c6db4', 0),
(1206, 'Unknown user', 1459714372, 1459714372, 'abdc38e3497097f09bc0f10a9c270de2', 0),
(1207, 'Unknown user', 1459734212, 1459734212, '7cd588d5cb8164397d9cf334df30cbc1', 0),
(1208, 'Unknown user', 1459743858, 1459743858, '04bd12f2bf685d42d919a3d790dde6f3', 0),
(1209, 'Unknown user', 1459755499, 1459755499, '2fe5ebe7aba5ae91cad3314443cdbfe0', 0),
(1210, 'Unknown user', 1459771789, 1459771789, 'a77cbf789c03a4c426b4c3aff6e9681a', 0),
(1211, 'Unknown user', 1459784153, 1459784153, '40dddb6bc362c3f44700aa55380e1d1e', 0),
(1212, 'Unknown user', 1459829032, 1459829032, '7e9541a0120bfd28dbc32607945eefd3', 0),
(1213, 'Unknown user', 1459859939, 1459859939, 'db724afda66fb99eac005ed1aab8ebba', 0),
(1214, 'Unknown user', 1459872143, 1459872143, '87c043b8c62ab94b02f9d5c376ca7ea2', 0),
(1215, 'Unknown user', 1459899426, 1459899426, '4d3b9527c626bb11c2f560d283a3766d', 0),
(1216, 'Unknown user', 1459908264, 1459908264, 'd0280d70818a35543bdb5edfbc313851', 0),
(1217, 'Unknown user', 1459918112, 1459918112, '33165cf1645e6e3142e0316f048de2cc', 0),
(1218, 'Unknown user', 1459969159, 1459969159, 'eeba9b5908d21753fd1ca972d509cc40', 0),
(1219, 'Unknown user', 1460034519, 1460034519, 'ba7748d7c2a1e68b8093285f2df9213f', 0),
(1220, 'Unknown user', 1460047186, 1460047186, 'b90e179a69b40ec8d1889c1d18c7d6ab', 0),
(1221, 'Unknown user', 1460100673, 1460100673, '33f6a292326e4ae7f42495b6435f4946', 0),
(1222, 'Unknown user', 1460223491, 1460223491, '2cbfafb670af853956b4432d600c32ce', 0),
(1223, 'Unknown user', 1460249208, 1460249208, '6ca6906c03dbbbf9c2a25cb26bfbc008', 0),
(1224, 'Unknown user', 1460269853, 1460269853, '53176760c58d8f6dae0f40df5fc97b01', 0),
(1225, 'Unknown user', 1460294698, 1460294698, 'afab0d284588e37778d5710a818867d3', 0),
(1226, 'Unknown user', 1460295862, 1460295862, '51656cf00c8d0f59ec8e70a4caff1d29', 0),
(1227, 'Unknown user', 1460296461, 1460296461, 'a7c2b19588d0d340e656e0b8ae679d8d', 0),
(1228, 'Unknown user', 1460303736, 1460303736, 'f351cc345f7fbc22174e5a9906a66594', 0),
(1229, 'Unknown user', 1460360526, 1460360526, 'ec055e4ffc281de7669c6fd15c6c3a81', 0),
(1230, 'Unknown user', 1460403267, 1460403267, '8aaa75390544722721f5738ca77b5464', 0),
(1231, 'Unknown user', 1460423522, 1460423522, '44b12f6e1bbc4328500a6f55bb57c51f', 0),
(1232, 'Unknown user', 1460461792, 1460461792, 'f5de9bae340166c07462b7a91063a30b', 0),
(1233, 'Unknown user', 1460500701, 1460500701, '1f4c02d5ecc573134c43fb1c76a72a13', 0),
(1234, 'Unknown user', 1460544259, 1460544259, '6955a85cf0e46917742aaa678da365fe', 0),
(1235, 'Unknown user', 1460563833, 1460563833, 'dcc5296afd3311d2681b1f99b28c66d4', 0),
(1236, 'Unknown user', 1460655048, 1460655048, 'd1fcf3230e8761d0d490a8c7f2a7e10a', 0),
(1237, 'Unknown user', 1460668313, 1460668313, '9cab167ab72298a9be9cbe858dbeaa6b', 0),
(1238, 'Unknown user', 1460674912, 1460674912, '5d469d1b29564b47cbb417ca95647d2e', 0),
(1239, 'Unknown user', 1460740510, 1460740510, 'a24761ee5e4544a52001726a4ea9fc91', 0),
(1240, 'Unknown user', 1460775718, 1460775718, '1048b366396416572c525470fc93938b', 0),
(1241, 'Unknown user', 1460806162, 1460806162, '8adb29fd48b8dc57796cb277f7cb97f5', 0),
(1242, 'Unknown user', 1460909784, 1460909784, 'bae0620a27ad19b7534e6eb0bb7ba085', 0),
(1243, 'Unknown user', 1460957767, 1460957767, '0b944c95a8409928a4dcb5329b5eb59b', 0),
(1244, 'Unknown user', 1460962475, 1460962475, '95b01a9ee3e6753fe57138dafef4ac30', 0);
INSERT INTO `visitor` (`visitor_id`, `name`, `first_time`, `last_time`, `session_id`, `status`) VALUES
(1245, 'Unknown user', 1460977788, 1460977788, 'fbdf798a1f31612b8f08d08b4165bc0c', 0),
(1246, 'Unknown user', 1460980852, 1460980852, 'd19f2f0a93f276da925a1175d3874700', 0),
(1247, 'Unknown user', 1460984325, 1460984325, '2dab5ed8b5ba35a95e786c346ce93898', 0),
(1248, 'Unknown user', 1461029935, 1461029935, '54d7098359dae9f8ef6368b436bfe0c5', 0),
(1249, 'Unknown user', 1461044007, 1461044007, 'e4eb0dab41f4474ef43269d6ff9e12f7', 0),
(1250, 'Unknown user', 1461054584, 1461054584, 'df60469abd32687979618622e0fdb86f', 0),
(1251, 'Unknown user', 1461068970, 1461068970, '54376b10ae79e37187de4102c83c27ff', 0),
(1252, 'Unknown user', 1461076281, 1461076281, '8c4df362d31037014fe3b3ea4d7cba8a', 0),
(1253, 'Unknown user', 1461083170, 1461083170, '37a9e2080fd952f1390e007b6e010320', 0),
(1254, 'Unknown user', 1461092673, 1461092673, '888e717d51e527c641cdb573790a73f0', 0),
(1255, 'Unknown user', 1461097679, 1461097679, '796af19b3f8bc948a6aad1f1fbd413a9', 0),
(1256, 'Unknown user', 1461108500, 1461108500, 'b9dd0fdbd57ca7bff50c0b7bb726d61d', 0),
(1257, 'Unknown user', 1461121009, 1461121009, '379a686f76ba22d3961ab2cc99b311df', 0),
(1258, 'Unknown user', 1461128383, 1461128383, '9bd0d8de3a2d370b72ed279a88a84075', 0),
(1259, 'Unknown user', 1461136908, 1461136908, 'c10b7d1023bd784ee4b1ea45d6fe97d8', 0),
(1260, 'Unknown user', 1461140927, 1461140927, '7feb1dd61aa28e788a71378b7aa3a672', 0),
(1261, 'Unknown user', 1461152032, 1461152032, '4a7408a6bef865f55bc3d83641f9a2ef', 0),
(1262, 'Unknown user', 1461164472, 1461164472, '68c94169178b8f4352ef0ae65488b2b9', 0),
(1263, 'Unknown user', 1461179813, 1461179813, '2e6f27f7cef7d58e23cfc5a5db1ac32f', 0),
(1264, 'Unknown user', 1461194869, 1461194869, '75cc76029d149e1f4168f1a51afc3155', 0),
(1265, 'Unknown user', 1461207524, 1461207524, '3a1319f353d5e3d95372b5b93d552464', 0),
(1266, 'Unknown user', 1461209123, 1461209123, '8b32005b91d23018db0442509eeeb473', 0),
(1267, 'Unknown user', 1461218531, 1461218531, '23f633f2a89bdd28435e165cd2f2cc63', 0),
(1268, 'Unknown user', 1461222145, 1461222145, '077a7e96862ae99a6fcf3024e2e37f34', 0),
(1269, 'Unknown user', 1461228733, 1461228733, '88c719e8e08d2327df974642ceee6182', 0),
(1270, 'Unknown user', 1461235665, 1461235665, '5162cfe0b970f6b3721de462cfa8699f', 0),
(1271, 'Unknown user', 1461240087, 1461240087, 'e7d8ab989d205ff9805bc7f5ae3a769a', 0),
(1272, 'Unknown user', 1461250508, 1461250508, '9a7f9e5b633471582fcb8deb663b3b32', 0),
(1273, 'Unknown user', 1461254840, 1461254993, '66dbedde55cd7c5192d2b2e249fa1148', 0),
(1274, 'Unknown user', 1461255096, 1461336856, 'v1fidkg2v32khpfup81t1mbvg2', 0),
(1275, 'Unknown user', 1461333165, 1461336668, '6cvhr4i2cqguactj38d3kbtl10', 0),
(1276, 'Unknown user', 1461337530, 1461338135, 'gjjagiu8f7p0lnsdj2al8ks1h2', 0),
(1277, 'Unknown user', 1461339134, 1461339262, 'aorpmich3kf3kus4r5eb8ru577', 0),
(1278, 'Unknown user', 1461339327, 1461341993, '6rcb99cat9ehl945vmpl69s7g1', 0),
(1279, 'Unknown user', 1461412229, 1461674787, 'p6080s2k4tl1t86obc90sb21i3', 0),
(1280, 'Unknown user', 1461590543, 1461593221, 'l00ohgqjb3kls0c51umgcg3433', 0),
(1281, 'Unknown user', 1462204840, 1462347790, '4gdas0shprp0lj75urhavc2l60', 0),
(1282, 'Unknown user', 1462204854, 1462347787, 'vlj4cb1aopnf84ojg8o9nu5s06', 0),
(1283, 'Unknown user', 1462537081, 1462556711, 'imbve8754r3b1rd8g22escmf82', 0),
(1284, 'Unknown user', 1463248132, 1463595912, 'gtni52ijmtihhk1or45tj9ec17', 0),
(1285, 'Unknown user', 1463597234, 1463644761, 'ueecl7pejoqutlsjfmtcnl27i6', 0),
(1286, 'Unknown user', 1466162160, 1466183381, 'ergrop4r724cc9bg6u1dlop1n6', 0),
(1287, 'Unknown user', 1466594139, 1466597732, '0697qt99tvsdv5t6bqohcje5k1', 0),
(1288, 'Unknown user', 1467023313, 1467023313, 'ognq165to2md5313ir797e5de4', 0),
(1289, 'Unknown user', 1470715482, 1470759174, 'rurep1kt00lj2n6u50qbllc5a0', 0),
(1290, 'Unknown user', 1470845408, 1470852670, '61r8jvemf5aoal16u3h7s6vcb0', 0),
(1291, 'Unknown user', 1471369913, 1471372315, 'v3marur052028sdlk1buqc3cn2', 0),
(1292, 'Unknown user', 1471386142, 1471404492, '2qksngtemetv0jb63ctvch0cp0', 0),
(1293, 'Unknown user', 1472459862, 1472459862, '05dmj6d7lnasn77qrv4bcg72u7', 0),
(1294, 'Unknown user', 1472805229, 1472826112, '8fn6cubv23vg19g54ioagvrlr4', 1);

-- --------------------------------------------------------

--
-- Structure for view `denis`
--
DROP TABLE IF EXISTS `denis`;

CREATE ALGORITHM=UNDEFINED DEFINER=`root`@`localhost` SQL SECURITY DEFINER VIEW `denis` AS select count(0) AS `Total` from `cart` group by `cart`.`item_name`;

/*!40101 SET CHARACTER_SET_CLIENT=@OLD_CHARACTER_SET_CLIENT */;
/*!40101 SET CHARACTER_SET_RESULTS=@OLD_CHARACTER_SET_RESULTS */;
/*!40101 SET COLLATION_CONNECTION=@OLD_COLLATION_CONNECTION */;
